Date,Open,High,Low,Close,year,month,linear_regression_Close_pred
1-January-2021,47785.28,47980.36,47771.15,47868.98,2021,1,47759.74567912444
4-January-2021,48109.17,48220.47,47594.47,48176.8,2021,1,47876.77157113155
5-January-2021,48037.63,48486.24,47903.38,48437.78,2021,1,48137.79946697021
6-January-2021,48616.66,48616.66,47864.14,48174.06,2021,1,48578.48537598206
7-January-2021,48524.36,48558.34,48037.87,48093.32,2021,1,48155.0226879258
8-January-2021,48464.91,48854.34,48365.58,48782.51,2021,1,48140.25361674658
11-January-2021,49252.31,49303.79,48956.38,49269.32,2021,1,48829.62736843537
12-January-2021,49228.26,49569.14,49079.57,49517.11,2021,1,49316.320914119504
13-January-2021,49763.93,49795.19,49073.85,49492.32,2021,1,49540.52877305884
14-January-2021,49432.83,49663.58,49182.37,49584.16,2021,1,49553.52184842332
15-January-2021,49656.71,49656.71,48795.79,49034.67,2021,1,49638.06522899413
18-January-2021,49061.22,49122.23,48403.97,48564.27,2021,1,49006.05907513416
19-January-2021,48900.31,49499.86,48805.54,49398.29,2021,1,48557.6799813761
20-January-2021,49508.79,49874.42,49373.68,49792.12,2021,1,49414.34194089456
21-January-2021,50096.57,50184.01,49398.86,49624.76,2021,1,49881.21312036299
22-January-2021,49594.95,49676.88,48832.08,48878.54,2021,1,49652.794135851844
25-January-2021,49253.68,49263.15,48274.92,48347.59,2021,1,48898.33349426606
27-January-2021,48385.28,48387.25,47269.6,47409.93,2021,1,48387.23102879804
28-January-2021,46834.57,47172.02,46518.48,46874.36,2021,1,47302.99477729033
29-January-2021,47423.47,47423.66,46160.46,46285.77,2021,1,46858.12393281361
1-February-2021,46617.95,48764.4,46433.65,48600.61,2021,2,46239.6278728615
2-February-2021,49193.26,50154.48,49193.26,49797.72,2021,2,48706.21705302726
3-February-2021,50231.06,50526.39,49515.88,50255.75,2021,2,49922.97573263362
4-February-2021,50212.25,50687.51,49926.45,50614.29,2021,2,50294.27869370996
5-February-2021,51031.39,51073.27,50565.29,50731.63,2021,2,50617.74418595636
8-February-2021,51146.67,51523.38,51146.67,51348.77,2021,2,50840.415099482125
9-February-2021,51484.23,51835.86,51193.93,51329.08,2021,2,51191.54530481309
10-February-2021,51355.89,51512.86,50846.22,51309.39,2021,2,51337.829598575816
11-February-2021,51165.84,51592.45,51157.31,51531.52,2021,2,51375.009048216416
12-February-2021,51614.77,51804.58,51260.62,51544.3,2021,2,51547.17496804288
15-February-2021,51907.75,52235.97,51886.46,52154.13,2021,2,51760.75870651155
16-February-2021,52400.03,52516.76,51863.61,52104.17,2021,2,52078.05009894193
17-February-2021,51996.94,52078.15,51586.34,51703.83,2021,2,52212.4842686377
18-February-2021,51903.96,51903.96,51186.68,51324.69,2021,2,51758.20385162289
19-February-2021,51238.02,51432.99,50624.33,50889.76,2021,2,51312.12905461695
22-February-2021,50910.51,50986.03,49617.37,49744.32,2021,2,50959.6329169567
23-February-2021,49994.85,50327.31,49659.85,49751.41,2021,2,49635.53888208162
24-February-2021,49763.94,50881.17,49648.78,50781.69,2021,2,49780.044124858665
25-February-2021,51207.61,51386.12,50991.76,51039.31,2021,2,50857.44264972466
26-February-2021,50256.71,50400.31,48890.48,49099.99,2021,2,51067.73144210937
1-March-2021,49747.71,50058.42,49440.46,49849.84,2021,3,49078.10129391668
2-March-2021,50258.09,50439.82,49807.12,50296.89,2021,3,49876.09087583965
3-March-2021,50738.21,51539.89,50512.84,51444.65,2021,3,50314.13249976166
4-March-2021,50812.14,51256.55,50539.92,50846.08,2021,3,51396.6738890036
5-March-2021,50517.36,50886.19,50160.54,50405.32,2021,3,50802.950250522976
8-March-2021,50654.02,50985.77,50318.26,50441.07,2021,3,50554.39822554638
9-March-2021,50714.16,51111.94,50396.1,51025.48,2021,3,50358.243883239076
10-March-2021,51404.68,51430.43,51048.93,51279.51,2021,3,51109.98518230784
12-March-2021,51660.98,51821.84,50538.43,50792.08,2021,3,51166.22551023402
15-March-2021,50773.47,50834.78,49799.07,50395.08,2021,3,50812.183160062625
16-March-2021,50608.42,50857.98,50289.44,50363.96,2021,3,50561.41807170245
17-March-2021,50436.02,50561.12,49718.65,49801.62,2021,3,50296.381268636935
18-March-2021,50161.25,50296.35,48962.36,49216.52,2021,3,49819.587610546776
19-March-2021,48881.19,50003.58,48586.93,49858.24,2021,3,49107.286058106205
22-March-2021,49878.77,49878.77,49281.02,49771.29,2021,3,49962.49734751846
23-March-2021,49876.21,50264.65,49661.92,50051.44,2021,3,49815.4448818594
24-March-2021,49786.47,49854.58,49120.34,49180.31,2021,3,50043.5052511418
25-March-2021,49201.98,49247.95,48236.35,48440.12,2021,3,49182.62789850848
26-March-2021,48969.25,49234.66,48699.91,49008.5,2021,3,48431.102738103924
30-March-2021,49331.68,50268.45,49331.68,50136.58,2021,3,48937.60890541071
31-March-2021,50049.12,50050.32,49442.5,49509.15,2021,3,50236.138823595364
1-April-2021,49868.53,50092.48,49478.53,50029.83,2021,4,49422.687259439
5-April-2021,50020.91,50028.67,48580.8,49159.32,2021,4,50103.67998739313
6-April-2021,49441.13,49582.26,48936.35,49201.39,2021,4,49257.762944395305
7-April-2021,49277.09,49900.13,49093.9,49661.76,2021,4,49087.09206194248
8-April-2021,49885.26,50118.08,49581.61,49746.21,2021,4,49629.69893682645
9-April-2021,49743.39,49906.91,49461.01,49591.32,2021,4,49833.2997485519
12-April-2021,48956.65,48956.65,47693.44,47883.38,2021,4,49516.20811138363
13-April-2021,47991.53,48627.43,47775.32,48544.06,2021,4,48001.71880585176
15-April-2021,48512.77,48887.85,48010.55,48803.68,2021,4,48514.10721650769
16-April-2021,48935.74,49089.55,48694.49,48832.03,2021,4,48729.338687299016
19-April-2021,47940.81,48020.79,47362.71,47949.42,2021,4,48946.98119671397
20-April-2021,48473.04,48478.34,47438.5,47705.8,2021,4,47800.46120480658
22-April-2021,47501.71,48143.16,47204.5,48080.67,2021,4,47924.7263594007
23-April-2021,47863.81,48265.39,47669.55,47878.45,2021,4,47957.92932313277
26-April-2021,48197.37,48667.98,48152.24,48386.51,2021,4,47873.47197587385
27-April-2021,48424.08,49009.26,48399.53,48944.14,2021,4,48375.52406731923
28-April-2021,49066.64,49801.48,49066.64,49733.84,2021,4,48973.39468924607
29-April-2021,50093.86,50375.77,49535.98,49765.94,2021,4,49892.72162882004
30-April-2021,49360.89,49569.42,48698.08,48782.36,2021,4,49668.09839895237
3-May-2021,48356.01,48863.23,48028.07,48718.52,2021,5,48829.7967355522
4-May-2021,48881.63,48996.53,48149.45,48253.51,2021,5,48634.963216017066
5-May-2021,48569.12,48742.72,48254.32,48677.55,2021,5,48298.62854534975
6-May-2021,48877.78,49011.31,48614.11,48949.76,2021,5,48658.75714114115
7-May-2021,49169.14,49417.64,49036.38,49206.47,2021,5,48952.704149910904
10-May-2021,49496.05,49617.47,49412.05,49502.41,2021,5,49378.130409374135
11-May-2021,49066.45,49304.47,48988.18,49161.81,2021,5,49474.755199585095
12-May-2021,49171.28,49171.28,48550.72,48690.8,2021,5,49254.20204282624
14-May-2021,48898.93,48898.93,48473.43,48732.55,2021,5,48604.70144268166
17-May-2021,48990.7,49628.42,48923.13,49580.73,2021,5,48709.74321814919
18-May-2021,49986.68,50313.25,49959.2,50193.33,2021,5,49668.15991537183
19-May-2021,50088.81,50279.01,49831.4,49902.64,2021,5,50167.56529648175
20-May-2021,49971.52,50099.17,49496.78,49564.86,2021,5,50000.87905081186
21-May-2021,49833.98,50591.12,49832.72,50540.48,2021,5,49574.101065412506
24-May-2021,50727.28,50857.59,50465.9,50651.9,2021,5,50595.2438401695
25-May-2021,50922.32,50961.35,50474.34,50637.53,2021,5,50651.65293613747
26-May-2021,50899.58,51072.61,50620.45,51017.52,2021,5,50603.04999962033
27-May-2021,51128.8,51282.9,50891.66,51115.22,2021,5,51097.52850413357
28-May-2021,51381.27,51529.32,51258.69,51422.88,2021,5,51221.79385956768
31-May-2021,51476.22,52013.22,51179.94,51937.44,2021,5,51386.44188931257
1-June-2021,52067.51,52228.65,51808.88,51934.88,2021,6,52005.52517989038
2-June-2021,51749.1,51913.92,51450.58,51849.48,2021,6,51968.35809254596
3-June-2021,52121.58,52273.23,51942.2,52232.43,2021,6,51858.76597096707
4-June-2021,52367.52,52389.02,51952.7,52100.05,2021,6,52347.6268955308
7-June-2021,52231.38,52378.69,52054.76,52328.51,2021,6,52068.43116248789
8-June-2021,52428.72,52432.43,52135.04,52275.57,2021,6,52347.677303771
9-June-2021,52401.41,52446.92,51717.07,51941.64,2021,6,52350.774931343774
10-June-2021,52143.9,52346.35,51957.92,52300.47,2021,6,51960.43085430398
11-June-2021,52477.19,52641.53,52388.95,52474.76,2021,6,52305.74322506333
14-June-2021,52492.34,52590.92,51936.31,52551.53,2021,6,52560.34033333774
15-June-2021,52751.83,52869.51,52671.29,52773.05,2021,6,52528.057307545634
16-June-2021,52782.21,52816.31,52425.57,52501.98,2021,6,52815.30901460516
17-June-2021,52122.25,52523.88,52040.51,52323.33,2021,6,52582.59251917817
18-June-2021,52568.07,52586.41,51601.11,52344.45,2021,6,52257.12564971205
21-June-2021,51887.55,52629.18,51740.19,52574.46,2021,6,52393.480894243956
22-June-2021,52885.04,53057.11,52520.55,52588.71,2021,6,52586.97467230732
23-June-2021,52912.35,52912.35,52264.12,52306.08,2021,6,52578.644016587124
24-June-2021,52514.57,52830.68,52385.05,52699.0,2021,6,52380.05970485962
25-June-2021,52877.16,52973.07,52614.49,52925.04,2021,6,52703.68476175301
28-June-2021,53126.73,53126.73,52673.5,52735.59,2021,6,52960.461558339506
29-June-2021,52795.76,52816.42,52477.77,52549.66,2021,6,52742.00518287109
30-June-2021,52651.09,52875.92,52448.64,52482.71,2021,6,52530.582430854556
1-July-2021,52638.5,52638.5,52281.01,52318.6,2021,7,52545.37996725572
2-July-2021,52434.55,52527.9,52177.68,52484.67,2021,7,52290.740877895056
5-July-2021,52682.89,52919.17,52604.35,52880.0,2021,7,52497.85649893747
6-July-2021,52874.85,53129.37,52804.18,52861.18,2021,7,52920.49271387457
7-July-2021,52919.71,53105.41,52751.76,53054.76,2021,7,52882.994196074724
8-July-2021,53065.69,53103.03,52428.84,52568.94,2021,7,53102.64711160297
9-July-2021,52508.24,52555.73,52228.01,52386.19,2021,7,52574.936224969475
12-July-2021,52634.33,52700.51,52208.96,52372.69,2021,7,52364.657918143144
13-July-2021,52694.89,52806.86,52545.68,52769.73,2021,7,52362.72998463961
14-July-2021,52801.44,52978.58,52611.97,52904.05,2021,7,52822.227331289054
15-July-2021,52968.89,53266.12,52948.43,53158.85,2021,7,52887.286297610764
16-July-2021,53244.4,53290.81,52997.09,53140.06,2021,7,53247.445986304534
19-July-2021,52606.99,52821.17,52405.89,52553.4,2021,7,53162.17108763652
20-July-2021,52432.88,52465.03,52013.51,52198.51,2021,7,52541.48054266132
22-July-2021,52494.56,52867.26,52471.23,52837.21,2021,7,52180.79027874384
23-July-2021,52967.87,53114.7,52653.77,52975.8,2021,7,52840.02526286732
26-July-2021,52985.26,53103.42,52783.63,52852.27,2021,7,53015.531420429754
27-July-2021,52995.72,53024.7,52433.18,52578.76,2021,7,52854.8375599606
28-July-2021,52673.69,52673.69,51802.73,52443.71,2021,7,52642.591032963835
29-July-2021,52693.53,52777.18,52561.39,52653.07,2021,7,52462.27711856098
30-July-2021,52792.36,52910.23,52533.91,52586.84,2021,7,52617.92816377076
2-August-2021,52901.28,52986.77,52804.08,52950.63,2021,8,52603.12274389685
3-August-2021,53125.97,53887.98,53088.35,53823.36,2021,8,52956.92658928787
4-August-2021,54071.22,54465.91,54034.31,54369.77,2021,8,53898.621722843556
5-August-2021,54576.64,54717.24,54230.89,54492.84,2021,8,54461.6557556034
6-August-2021,54492.17,54633.58,54210.33,54277.72,2021,8,54458.56501663834
9-August-2021,54385.71,54584.73,54124.27,54402.85,2021,8,54327.886563300235
10-August-2021,54461.31,54779.66,54308.77,54554.66,2021,8,54413.81255845829
11-August-2021,54730.65,54758.74,54167.2,54525.93,2021,8,54547.88913868732
12-August-2021,54641.22,54874.1,54536.65,54843.98,2021,8,54560.619567300986
13-August-2021,54911.95,55487.79,54905.49,55437.29,2021,8,54869.57656731352
16-August-2021,55479.74,55680.75,55281.02,55582.58,2021,8,55550.87962589978
17-August-2021,55565.64,55854.88,55386.49,55792.27,2021,8,55636.055023178116
18-August-2021,56073.31,56118.57,55514.89,55629.49,2021,8,55809.270317961
20-August-2021,55159.13,55543.16,55013.98,55329.32,2021,8,55678.2023205183
23-August-2021,55695.84,55781.17,55240.29,55555.79,2021,8,55329.419923511756
24-August-2021,55647.11,56023.22,55536.84,55958.98,2021,8,55566.99410872548
25-August-2021,56067.06,56198.13,55899.96,55944.21,2021,8,56015.638497278684
26-August-2021,55988.41,56112.39,55854.07,55949.1,2021,8,55953.55051217469
27-August-2021,55862.93,56188.23,55675.87,56124.72,2021,8,56010.321751860014
30-August-2021,56329.25,56958.27,56309.86,56889.76,2021,8,56193.37763817179
31-August-2021,56995.15,57625.26,56859.1,57552.39,2021,8,56899.750170599495
1-September-2021,57763.53,57918.71,57263.9,57338.21,2021,9,57601.6941794275
2-September-2021,57423.65,57892.37,57287.79,57852.54,2021,9,57371.22023210328
3-September-2021,57983.45,58194.79,57764.07,58129.95,2021,9,57889.04090102979
6-September-2021,58411.62,58515.85,58200.29,58296.91,2021,9,58211.38904119315
7-September-2021,58418.69,58553.07,58005.07,58279.48,2021,9,58295.191043598716
8-September-2021,58350.56,58372.94,57924.48,58250.26,2021,9,58265.05369749999
9-September-2021,58172.98,58334.59,58084.99,58305.07,2021,9,58362.31157759966
13-September-2021,58262.11,58314.64,57944.63,58177.76,2021,9,58300.59645139477
14-September-2021,58482.62,58482.62,58214.29,58247.09,2021,9,58242.55612160662
15-September-2021,58354.11,58777.06,58272.82,58723.2,2021,9,58269.36127633276
16-September-2021,58881.04,59204.29,58700.5,59141.16,2021,9,58749.049766661556
17-September-2021,59409.98,59737.32,58871.73,59015.89,2021,9,59249.60888556564
20-September-2021,58634.69,59202.56,58389.69,58490.93,2021,9,59012.07826933019
21-September-2021,58630.06,59084.51,58232.54,59005.27,2021,9,58520.49774171016
22-September-2021,59166.15,59178.44,58878.38,58927.33,2021,9,59030.356724299345
23-September-2021,59358.18,59957.25,59243.15,59885.36,2021,9,58937.354612325275
24-September-2021,60158.76,60333.0,59946.55,60048.47,2021,9,59911.1215827936
27-September-2021,60303.79,60412.32,59887.19,60077.88,2021,9,60100.74557439873
28-September-2021,60285.89,60288.44,59045.53,59667.6,2021,9,60176.36481242272
29-September-2021,59296.54,59678.66,59111.41,59413.27,2021,9,59626.47592199155
30-September-2021,59549.57,59557.24,59019.28,59126.36,2021,9,59482.35910775323
1-October-2021,58889.77,58890.08,58551.14,58765.58,2021,10,59036.23850565924
4-October-2021,59143.0,59548.82,58952.11,59299.32,2021,10,58795.56587114721
5-October-2021,59320.14,59778.87,59127.04,59744.88,2021,10,59370.26307055182
6-October-2021,59942.0,59963.57,59079.86,59189.73,2021,10,59773.85293244217
7-October-2021,59632.81,59914.91,59597.06,59677.83,2021,10,59266.733879428444
8-October-2021,59960.39,60212.3,59830.93,60059.06,2021,10,59647.827705642965
11-October-2021,60099.68,60476.13,59811.42,60135.78,2021,10,60154.894595407444
12-October-2021,60045.75,60331.74,59885.39,60284.31,2021,10,60088.35386572863
13-October-2021,60619.91,60836.63,60452.29,60737.05,2021,10,60279.092306775616
14-October-2021,61088.82,61353.25,60978.04,61305.95,2021,10,60845.207035441366
18-October-2021,61817.32,61963.07,61624.65,61765.59,2021,10,61286.75019244099
19-October-2021,62156.48,62245.43,61594.29,61716.05,2021,10,61845.42967271119
20-October-2021,61800.07,61880.36,61109.29,61259.96,2021,10,61750.010945302536
21-October-2021,61557.94,61621.2,60485.65,60923.5,2021,10,61244.937484575596
22-October-2021,61044.54,61420.13,60551.15,60821.62,2021,10,60989.85598520161
25-October-2021,61398.75,61404.99,60449.68,60967.05,2021,10,60802.71324582348
26-October-2021,60997.9,61497.71,60791.29,61350.26,2021,10,60978.6750895149
27-October-2021,61499.7,61576.85,60989.39,61143.33,2021,10,61416.254723793805
28-October-2021,61081.0,61081.0,59777.58,59984.7,2021,10,61216.63088056735
29-October-2021,59857.33,60132.81,59089.37,59306.93,2021,10,59984.86386923097
1-November-2021,59577.48,60220.21,59355.12,60138.46,2021,11,59284.059811985586
2-November-2021,60360.61,60421.14,59881.75,60029.06,2021,11,60143.0066034117
3-November-2021,60275.21,60361.82,59552.49,59771.92,2021,11,60011.48041287448
4-November-2021,60207.97,60207.97,60011.46,60067.62,2021,11,59769.98015934429
8-November-2021,60385.76,60609.16,59779.19,60545.61,2021,11,60151.73889176319
9-November-2021,60609.72,60670.47,60213.64,60433.45,2021,11,60614.61169860774
10-November-2021,60295.26,60506.5,59967.45,60352.82,2021,11,60346.04389623862
11-November-2021,60291.7,60293.25,59656.26,59919.69,2021,11,60366.02927099531
12-November-2021,60248.04,60750.72,59997.96,60686.69,2021,11,59908.49998004382
15-November-2021,60837.4,61036.56,60597.36,60718.71,2021,11,60712.4460443119
16-November-2021,60755.38,60802.79,60199.56,60322.37,2021,11,60767.76181995943
17-November-2021,60179.93,60426.61,59944.77,60008.33,2021,11,60287.60329308495
18-November-2021,59968.75,60177.52,59376.5,59636.01,2021,11,60018.82335337099
22-November-2021,59710.48,59778.37,58011.92,58465.89,2021,11,59728.396687156586
23-November-2021,57983.95,58834.95,57718.34,58664.33,2021,11,58355.84876636732
24-November-2021,58839.32,58968.12,58143.44,58340.99,2021,11,58653.59406076108
25-November-2021,58363.93,58901.58,58143.86,58795.09,2021,11,58394.24188724646
26-November-2021,58254.79,58254.79,56993.89,57107.15,2021,11,58783.37617844392
29-November-2021,57028.04,57626.51,56382.93,57260.58,2021,11,57120.50775669274
30-November-2021,57272.08,58183.77,56867.51,57064.87,2021,11,57267.76098733815
1-December-2021,57365.85,57846.45,57346.78,57684.79,2021,12,56984.60395904513
2-December-2021,57781.48,58513.93,57680.41,58461.29,2021,12,57750.05772049075
3-December-2021,58555.58,58757.09,57640.57,57696.46,2021,12,58363.91603932147
6-December-2021,57778.01,57781.46,56687.62,56747.14,2021,12,57822.83440559298
7-December-2021,57125.98,57905.63,56992.27,57633.65,2021,12,56670.53174901481
8-December-2021,58158.56,58702.65,58122.27,58649.68,2021,12,57627.20382697095
9-December-2021,58831.41,58889.96,58340.85,58807.13,2021,12,58713.42349676468
10-December-2021,58696.71,58859.91,58414.76,58786.67,2021,12,58651.456371922504
13-December-2021,59103.72,59203.37,58242.8,58283.42,2021,12,58992.258972913565
14-December-2021,58059.76,58322.42,57803.87,58117.09,2021,12,58302.99378875953
15-December-2021,58122.0,58218.25,57671.61,57788.03,2021,12,58083.2537013099
16-December-2021,58243.43,58337.2,57683.11,57901.14,2021,12,57751.15180645045
17-December-2021,58021.63,58062.28,56950.98,57011.74,2021,12,57884.35882882607
20-December-2021,56517.26,56538.15,55132.68,55822.01,2021,12,57021.97596831416
21-December-2021,56320.02,56900.74,56047.22,56319.01,2021,12,55904.2124256749
22-December-2021,56599.47,56989.01,56471.03,56930.56,2021,12,56279.3709706863
23-December-2021,57251.15,57490.52,57146.28,57315.28,2021,12,56976.5379482243
24-December-2021,57567.11,57623.69,56813.42,57124.31,2021,12,57305.67343667677
27-December-2021,56948.33,57512.01,56543.08,57420.24,2021,12,57153.86156367773
28-December-2021,57751.21,57952.48,57650.29,57897.48,2021,12,57528.33330619574
29-December-2021,57892.31,58097.07,57684.58,57806.49,2021,12,57820.03504045102
30-December-2021,57755.4,58010.03,57578.99,57794.32,2021,12,57819.984090906015
31-December-2021,57849.76,58409.3,57846.52,58253.82,2021,12,57725.91601138684
3-January-2022,58310.09,59266.39,58306.45,59183.22,2022,1,58321.94341861598
4-January-2022,59343.79,59937.33,59084.4,59855.93,2022,1,59287.98997880413
5-January-2022,59921.98,60332.72,59661.38,60223.15,2022,1,59857.68486022964
6-January-2022,59731.75,59781.86,59290.58,59601.84,2022,1,60308.08320696014
7-January-2022,59776.1,60130.18,59401.44,59744.65,2022,1,59624.50275715571
10-January-2022,60070.39,60427.36,59987.18,60395.63,2022,1,59792.93660704353
11-January-2022,60342.7,60689.25,60281.52,60616.89,2022,1,60412.77347935532
12-January-2022,61014.37,61218.19,60850.93,61150.04,2022,1,60642.51386497431
13-January-2022,61259.99,61348.57,60949.81,61235.3,2022,1,61198.38567086942
14-January-2022,61040.32,61324.59,60757.03,61223.03,2022,1,61387.00642860584
17-January-2022,61219.64,61385.48,61107.6,61308.91,2022,1,61262.113010358386
18-January-2022,61430.77,61475.15,60662.57,60754.86,2022,1,61296.33719909647
19-January-2022,60845.59,60870.17,59949.22,60098.82,2022,1,60808.87390791332
20-January-2022,60045.48,60045.48,59068.31,59464.62,2022,1,60027.79609666009
21-January-2022,59039.37,59329.63,58620.93,59037.18,2022,1,59529.89662379723
24-January-2022,59023.97,59023.97,56984.01,57491.51,2022,1,59050.596821110645
25-January-2022,57158.63,57966.93,56409.63,57858.15,2022,1,57413.65708198411
27-January-2022,57317.38,57508.61,56439.36,57276.94,2022,1,57911.75657089608
28-January-2022,57795.11,58084.33,57119.28,57200.23,2022,1,57272.05785392113
31-January-2022,57845.91,58257.63,57746.15,58014.17,2022,1,57202.94875965224
1-February-2022,58672.86,59032.2,57737.66,58862.57,2022,2,57991.947554367754
2-February-2022,59293.44,59618.51,59193.05,59558.33,2022,2,58992.6590660031
3-February-2022,59528.16,59557.87,58653.94,58788.02,2022,2,59459.33630184088
4-February-2022,58918.65,58943.62,58446.95,58644.82,2022,2,58831.55121395419
7-February-2022,58549.67,58707.76,57299.05,57621.19,2022,2,58624.17428724711
8-February-2022,57799.67,57925.82,57058.77,57808.58,2022,2,57479.85724805839
9-February-2022,58163.01,58507.61,58105.18,58465.97,2022,2,57880.3884817699
10-February-2022,58810.53,59060.24,58332.28,58926.03,2022,2,58363.27952353183
11-February-2022,58447.15,58447.15,57914.1,58152.92,2022,2,59114.12299646031
14-February-2022,56720.32,57191.91,56295.7,56405.84,2022,2,58136.98729333755
15-February-2022,56731.56,58211.38,56438.47,58142.05,2022,2,56451.697087520435
16-February-2022,58310.68,58569.22,57780.28,57996.68,2022,2,58135.629109988455
17-February-2022,58217.69,58346.0,57635.43,57892.01,2022,2,57957.62568108717
18-February-2022,57488.39,58175.35,57488.39,57832.97,2022,2,57903.34661149634
21-February-2022,57551.65,58141.96,57167.02,57683.59,2022,2,57804.91447700197
22-February-2022,56438.64,57505.85,56394.85,57300.68,2022,2,57937.26484317009
23-February-2022,57632.94,57733.37,57109.24,57232.06,2022,2,57049.009119401686
24-February-2022,55418.45,55996.09,54383.2,54529.91,2022,2,57315.74086275665
25-February-2022,55321.72,56183.7,55299.28,55858.52,2022,2,54420.48905607338
28-February-2022,55329.46,56324.54,54833.5,56247.28,2022,2,55803.733750863874
2-March-2022,55629.3,55755.09,55020.1,55468.9,2022,3,56464.68973670554
3-March-2022,55921.44,55996.62,54931.48,55102.68,2022,3,55325.415864030954
4-March-2022,54653.59,55013.27,53887.72,54333.81,2022,3,55031.211662466914
7-March-2022,53172.51,53203.87,52367.1,52842.75,2022,3,54592.982093969775
8-March-2022,52430.06,53484.26,52260.82,53424.09,2022,3,52540.293670011124
9-March-2022,53793.99,54893.73,53367.52,54647.33,2022,3,53385.60078810229
10-March-2022,56242.47,56242.47,54982.82,55464.39,2022,3,54775.447409744884
11-March-2022,55218.78,55833.95,55049.95,55550.3,2022,3,55331.602655676914
14-March-2022,55614.4,56545.83,55556.47,56486.02,2022,3,55787.626950347956
15-March-2022,56663.87,56720.6,55418.95,55776.85,2022,3,56499.16452283701
16-March-2022,56555.33,56860.89,56389.26,56816.65,2022,3,55686.739856625696
17-March-2022,57620.28,58095.84,57518.06,57863.93,2022,3,56813.477948025626
21-March-2022,58030.41,58127.95,57229.08,57292.49,2022,3,57876.503158847954
22-March-2022,57297.57,58052.87,56930.3,57989.3,2022,3,57342.96834614503
23-March-2022,58198.64,58416.56,57568.59,57684.82,2022,3,58014.955428152636
24-March-2022,57190.05,57827.99,57138.51,57595.68,2022,3,57867.72502128109
25-March-2022,57801.72,57845.37,57100.24,57362.2,2022,3,57526.0276334493
28-March-2022,57472.72,57638.34,56825.09,57593.49,2022,3,57323.5986538766
29-March-2022,57814.76,58001.53,57639.35,57943.65,2022,3,57819.2881726142
30-March-2022,58362.85,58727.78,58176.0,58683.99,2022,3,57804.49775714482
31-March-2022,58779.71,58890.92,58485.79,58568.51,2022,3,58919.27386241375
1-April-2022,58530.73,59396.62,58450.04,59276.69,2022,4,58567.82181019657
4-April-2022,59764.13,60845.1,59760.22,60611.74,2022,4,59285.4363189779
5-April-2022,60786.07,60786.07,60067.18,60176.5,2022,4,60766.576308671065
6-April-2022,59815.71,59941.57,59509.84,59610.41,2022,4,60149.39816923415
7-April-2022,59402.61,59504.92,58977.35,59034.95,2022,4,59587.71445280377
8-April-2022,59256.97,59654.44,58876.36,59447.18,2022,4,59092.319067169614
11-April-2022,59333.18,59355.76,58894.4,58964.57,2022,4,59476.831007602574
12-April-2022,58743.5,58794.78,58298.57,58576.37,2022,4,58889.96287016442
13-April-2022,58910.74,59003.82,58291.23,58338.93,2022,4,58691.44464321388
18-April-2022,57338.58,57420.8,56842.39,57166.74,2022,4,58328.49239693226
19-April-2022,57381.77,57464.08,56009.07,56463.15,2022,4,57258.71672330776
20-April-2022,56741.43,57216.51,56521.33,57037.5,2022,4,56374.828632474535
21-April-2022,57458.6,57991.53,57311.86,57911.68,2022,4,57018.733697818694
22-April-2022,57531.95,57689.86,57134.72,57197.15,2022,4,57988.09614800613
25-April-2022,56757.64,56875.65,56356.87,56579.89,2022,4,57145.70464942178
26-April-2022,57066.24,57442.24,56904.51,57356.61,2022,4,56650.88471146929
27-April-2022,56983.68,57079.03,56584.04,56819.39,2022,4,57329.173707218026
28-April-2022,57296.31,57790.85,56936.94,57521.06,2022,4,56787.818030526665
29-April-2022,57817.51,57975.48,56902.3,57060.87,2022,4,57441.124835285096
2-May-2022,56429.45,57054.23,56412.62,56975.99,2022,5,57097.95821849525
4-May-2022,57124.91,57184.21,55501.6,55669.03,2022,5,57043.641574212015
5-May-2022,56255.07,56566.8,55613.82,55702.23,2022,5,55564.98542229669
6-May-2022,54928.29,55070.12,54586.75,54835.58,2022,5,55786.9122574903
9-May-2022,54188.21,54795.47,53918.02,54470.67,2022,5,54655.60907584123
10-May-2022,54309.31,54857.02,54226.33,54364.85,2022,5,54554.110074259996
11-May-2022,54544.91,54598.55,53519.3,54088.39,2022,5,54355.03440952996
12-May-2022,53608.35,53632.55,52702.3,52930.31,2022,5,54109.30945570706
13-May-2022,53565.74,53785.71,52654.89,52793.62,2022,5,52887.9747921259
16-May-2022,52946.32,53428.28,52632.48,52973.84,2022,5,52746.169216988244
17-May-2022,53285.19,54399.42,53176.02,54318.47,2022,5,52999.6507600277
18-May-2022,54554.89,54786.0,54130.89,54208.53,2022,5,54253.1907712593
19-May-2022,53070.3,53356.04,52669.51,52792.23,2022,5,54279.58885389447
20-May-2022,53513.97,54396.43,53403.29,54326.39,2022,5,52745.819294570814
23-May-2022,54459.95,54931.3,54191.55,54288.61,2022,5,54332.46733738067
24-May-2022,54307.56,54524.37,53886.28,54052.61,2022,5,54342.420036890166
25-May-2022,54254.07,54379.59,53683.16,53749.26,2022,5,53909.007682935815
26-May-2022,53950.84,54346.22,53425.25,54252.53,2022,5,53727.07044754025
27-May-2022,54671.5,54936.63,54449.34,54884.66,2022,5,54503.38086804254
30-May-2022,55507.75,56082.65,55466.3,55925.74,2022,5,54711.85230684005
31-May-2022,55622.01,55925.62,55369.14,55566.41,2022,5,56110.76996116579
1-June-2022,55588.27,55791.49,55091.43,55381.17,2022,6,55535.607043709926
2-June-2022,55382.44,55891.92,55135.11,55818.11,2022,6,55398.925089586046
3-June-2022,56245.6,56432.65,55719.36,55769.23,2022,6,55967.97614585853
6-June-2022,55610.64,55832.28,55295.74,55675.32,2022,6,55675.061730744346
7-June-2022,55373.18,55387.77,54882.41,55107.34,2022,6,55656.51086003921
8-June-2022,55345.51,55423.97,54683.3,54892.49,2022,6,55189.52429860159
9-June-2022,54514.17,55366.84,54507.41,55320.28,2022,6,54953.628413196195
10-June-2022,54760.25,54780.78,54205.99,54303.44,2022,6,55301.13015704924
13-June-2022,53184.61,53207.54,52527.08,52846.7,2022,6,54363.16236247948
14-June-2022,52495.94,53095.32,52459.48,52693.57,2022,6,52728.35742381449
15-June-2022,52650.41,52867.73,52493.36,52541.39,2022,6,52752.06297771934
16-June-2022,53018.91,53142.5,51425.48,51495.79,2022,6,52571.32214039247
17-June-2022,51181.99,51652.83,50921.22,51360.42,2022,6,51347.475392022316
20-June-2022,51470.03,51714.61,51062.93,51597.84,2022,6,51402.00643882926
21-June-2022,51897.6,52799.4,51808.76,52532.07,2022,6,51650.50941727232
22-June-2022,52186.36,52272.85,51739.98,51822.53,2022,6,52510.68284041981
23-June-2022,51972.75,52516.79,51632.85,52265.72,2022,6,51799.692590055136
24-June-2022,52654.24,52909.87,52447.25,52727.98,2022,6,52247.99689782941
27-June-2022,53468.89,53509.5,53120.79,53161.28,2022,6,52713.73401915159
28-June-2022,52846.26,53301.4,52771.53,53177.45,2022,6,53226.6657126179
29-June-2022,52623.15,53244.84,52612.68,53026.97,2022,6,53051.16238808002
30-June-2022,52897.16,53377.54,52883.25,53018.94,2022,6,53110.28030028844
1-July-2022,52863.34,53053.04,52094.25,52907.93,2022,7,53024.99176609265
4-July-2022,52851.67,53301.99,52674.81,53234.77,2022,7,52910.97841395903
5-July-2022,53501.21,53865.93,53054.3,53134.35,2022,7,53278.63651467354
6-July-2022,53170.7,53819.31,53143.28,53750.97,2022,7,53096.97232632208
7-July-2022,54146.68,54254.79,53927.26,54178.46,2022,7,53893.050504231105
8-July-2022,54574.43,54627.14,54278.77,54481.84,2022,7,54195.30496824596
11-July-2022,54248.6,54527.9,54090.53,54395.23,2022,7,54551.39579658283
12-July-2022,54219.78,54236.49,53824.97,53886.61,2022,7,54372.84416018153
13-July-2022,54210.1,54211.22,53455.26,53514.15,2022,7,53941.63417829854
14-July-2022,53688.62,53861.28,53163.77,53416.15,2022,7,53476.89344691342
15-July-2022,53637.88,53811.37,53361.62,53760.78,2022,7,53419.36501152533
18-July-2022,54069.3,54556.66,54034.97,54521.15,2022,7,53802.82492916688
19-July-2022,54251.88,54817.52,54232.82,54767.62,2022,7,54550.037236360535
20-July-2022,55486.12,55630.26,55298.23,55397.53,2022,7,54889.37848634006
21-July-2022,55391.93,55738.49,55270.75,55681.95,2022,7,55429.79933797054
22-July-2022,55800.84,56186.05,55685.45,56072.23,2022,7,55736.58095258271
25-July-2022,55877.5,56018.09,55537.08,55766.22,2022,7,56086.596418659225
26-July-2022,55834.38,55834.38,55203.43,55268.49,2022,7,55729.56463036341
27-July-2022,55258.29,55853.09,55157.99,55816.32,2022,7,55312.12121194172
28-July-2022,56267.55,56914.22,56236.45,56857.79,2022,7,55813.61534775206
29-July-2022,57258.13,57619.27,57104.81,57570.25,2022,7,56960.3951606367
1-August-2022,57823.1,58170.67,57540.36,58115.5,2022,8,57628.602916757234
2-August-2022,58049.02,58328.41,57744.7,58136.36,2022,8,58187.57763113046
3-August-2022,58174.11,58415.63,57788.78,58350.53,2022,8,58272.87382264019
4-August-2022,58571.28,58712.66,57577.05,58298.8,2022,8,58337.13943194246
5-August-2022,58421.04,58649.19,58244.86,58387.93,2022,8,58311.814658827236
8-August-2022,58417.71,58934.9,58266.65,58853.07,2022,8,58392.95038465948
10-August-2022,58977.34,58984.32,58583.36,58817.29,2022,8,58890.44031331991
11-August-2022,59320.45,59484.99,59251.14,59332.6,2022,8,58942.33711104263
12-August-2022,59235.98,59538.08,59113.01,59462.78,2022,8,59370.65480921924
16-August-2022,59675.12,59923.03,59673.96,59842.21,2022,8,59528.22330074134
17-August-2022,59938.05,60323.25,59857.8,60260.13,2022,8,59910.57137457571
18-August-2022,60080.19,60341.41,59946.44,60298.0,2022,8,60261.31548021986
19-August-2022,60351.23,60411.2,59474.57,59646.15,2022,8,60403.55363316216
22-August-2022,59361.08,59402.5,58705.11,58773.87,2022,8,59598.403377889226
23-August-2022,58205.97,59199.11,58172.48,59031.3,2022,8,58803.45020144781
24-August-2022,58853.32,59170.87,58760.09,59085.43,2022,8,59050.05408699541
25-August-2022,59315.98,59484.35,58666.41,58774.72,2022,8,59076.070211039085
26-August-2022,59050.67,59321.65,58722.69,58833.87,2022,8,58824.57977561254
29-August-2022,57367.47,58208.3,57367.47,57972.62,2022,8,58855.83232093257
30-August-2022,58259.85,59599.78,58245.49,59537.07,2022,8,58053.52944492179
1-September-2022,58710.53,59309.79,58522.57,58766.59,2022,9,59510.74006040558
2-September-2022,58969.02,59108.66,58558.64,58803.33,2022,9,58777.773214196306
5-September-2022,58814.08,59308.25,58812.2,59245.98,2022,9,58795.86402133734
6-September-2022,59285.36,59566.67,58974.26,59196.99,2022,9,59214.12770492145
7-September-2022,58789.26,59166.46,58722.89,59028.91,2022,9,59392.943507154414
8-September-2022,59374.99,59711.96,59315.71,59688.22,2022,9,58789.308615981296
9-September-2022,60045.75,60119.8,59634.39,59793.14,2022,9,59851.995234750015
12-September-2022,59912.29,60284.55,59912.29,60115.13,2022,9,59826.96725990266
13-September-2022,60408.29,60635.28,60381.02,60571.08,2022,9,60048.79453394441
14-September-2022,59417.12,60649.04,59417.12,60346.97,2022,9,60762.37327548663
15-September-2022,60454.37,60676.12,59865.75,59934.01,2022,9,60257.4131913547
16-September-2022,59585.72,59720.56,58687.17,58840.79,2022,9,59970.51491802866
19-September-2022,58747.31,59277.55,58487.76,59141.23,2022,9,58856.42569241354
20-September-2022,59556.91,60105.79,59556.91,59719.74,2022,9,59114.154726260116
21-September-2022,59504.14,59799.04,59275.4,59456.78,2022,9,59741.43186673282
22-September-2022,59073.84,59457.58,58832.78,59119.72,2022,9,59550.9866217609
23-September-2022,59005.18,59143.32,57981.95,58098.92,2022,9,59075.81623931835
26-September-2022,57525.03,57708.38,57038.24,57145.22,2022,9,58202.6639327979
27-September-2022,57376.52,57704.57,56950.52,57107.52,2022,9,57056.84167904799
28-September-2022,56710.13,57213.33,56485.67,56598.28,2022,9,57016.39373600159
29-September-2022,56997.9,57166.14,56314.05,56409.96,2022,9,56629.77646639271
30-September-2022,56240.15,57722.63,56147.23,57426.92,2022,9,56335.88983584231
3-October-2022,57403.92,57454.84,56683.4,56788.81,2022,10,57560.204556796816
4-October-2022,57506.65,58099.94,57506.65,58065.47,2022,10,56812.382895878145
6-October-2022,58314.05,58578.76,58173.7,58222.1,2022,10,57984.10968614437
7-October-2022,58092.56,58269.34,57851.15,58191.29,2022,10,58307.51719366915
10-October-2022,57424.07,58125.01,57365.68,57991.11,2022,10,58174.69143370924
11-October-2022,58004.25,58027.52,57050.4,57147.32,2022,10,57866.49541492426
12-October-2022,57312.49,57687.64,57085.92,57625.91,2022,10,57302.35192364031
13-October-2022,57512.74,57568.14,57055.75,57235.33,2022,10,57445.502544817675
14-October-2022,58162.74,58435.12,57848.23,57919.97,2022,10,57323.83973176142
17-October-2022,57752.5,58449.0,57639.8,58410.98,2022,10,58000.553759920906
18-October-2022,58744.13,59143.66,58744.13,58960.6,2022,10,58359.52211586114
19-October-2022,59196.96,59399.69,58961.77,59107.19,2022,10,59222.19692850677
20-October-2022,58824.48,59273.85,58791.28,59202.9,2022,10,58963.70475841232
21-October-2022,59381.36,59590.93,59132.94,59307.15,2022,10,59335.86359106279
24-October-2022,59804.02,59994.25,59776.66,59831.66,2022,10,59262.24114504975
25-October-2022,60002.96,60081.24,59489.02,59543.96,2022,10,59842.88591587387
27-October-2022,59792.32,59959.94,59496.8,59756.84,2022,10,59617.47857815249
28-October-2022,59746.8,60133.17,59739.05,59959.85,2022,10,59728.63195570446
31-October-2022,60246.96,60786.7,60246.96,60746.59,2022,10,60078.04774202324
1-November-2022,61065.58,61289.73,60868.69,61121.35,2022,11,60791.771964356994
2-November-2022,61156.89,61209.65,60794.39,60906.09,2022,11,61149.08326393955
3-November-2022,60511.57,60994.37,60485.14,60836.41,2022,11,60985.60420339202
4-November-2022,60698.27,61004.49,60666.01,60950.36,2022,11,60845.33846155017
7-November-2022,61188.13,61401.54,60714.36,61185.15,2022,11,61003.911980811215
9-November-2022,61304.29,61447.23,60905.15,61033.55,2022,11,61196.07502933285
10-November-2022,60524.27,60848.73,60425.47,60613.7,2022,11,61016.758385012
11-November-2022,61311.02,61840.97,61311.02,61795.04,2022,11,60704.08375433479
14-November-2022,61765.86,61916.24,61572.03,61624.15,2022,11,61835.54906295698
15-November-2022,61630.05,61955.96,61436.9,61872.99,2022,11,61704.517115006325
16-November-2022,61708.63,62052.57,61708.63,61980.72,2022,11,61855.497979103995
17-November-2022,61812.36,62050.8,61643.27,61750.6,2022,11,62015.54391148652
18-November-2022,61858.2,61929.88,61337.43,61663.48,2022,11,61858.94772262551
21-November-2022,61456.33,61456.33,61059.33,61144.84,2022,11,61548.196413323276
22-November-2022,61126.56,61466.63,61073.68,61418.96,2022,11,61234.66677199108
23-November-2022,61779.71,61780.9,61442.69,61510.58,2022,11,61392.11526037573
24-November-2022,61656.0,62412.33,61600.42,62272.68,2022,11,61532.09334123001
25-November-2022,62327.88,62447.73,62115.66,62293.64,2022,11,62417.39816299584
28-November-2022,62016.35,62701.4,61959.74,62504.8,2022,11,62224.855910134094
29-November-2022,62362.08,62887.4,62362.08,62681.84,2022,11,62638.89400816893
30-November-2022,62743.47,63303.01,62648.38,63099.65,2022,11,62650.11140289412
1-December-2022,63357.99,63583.07,63183.77,63284.19,2022,12,63153.02384807908
2-December-2022,62978.58,63148.59,62679.63,62868.5,2022,12,63265.774660212344
5-December-2022,62865.28,62939.63,62507.88,62834.6,2022,12,62896.84619841157
6-December-2022,62395.55,62677.84,62390.07,62626.36,2022,12,62879.62631603099
7-December-2022,62615.52,62759.97,62316.65,62410.68,2022,12,62632.73378144486
8-December-2022,62504.04,62633.56,62320.18,62570.68,2022,12,62446.87846674143
9-December-2022,62690.86,62735.42,61889.11,62181.67,2022,12,62545.95569178736
12-December-2022,61770.56,62239.42,61676.15,62130.57,2022,12,62276.356004060384
13-December-2022,62300.67,62567.92,62129.57,62533.3,2022,12,62113.850318311146
14-December-2022,62685.94,62835.11,62591.28,62677.91,2022,12,62588.95258657783
15-December-2022,62530.07,62624.81,61715.61,61799.03,2022,12,62711.22392154688
16-December-2022,61534.24,61893.22,61292.53,61337.81,2022,12,61732.938915566854
19-December-2022,61405.8,61844.92,61265.31,61806.19,2022,12,61384.2133600608
20-December-2022,61608.85,61780.37,61102.68,61702.29,2022,12,61800.48355106614
21-December-2022,61993.71,62006.46,60938.38,61067.24,2022,12,61687.694018859846
22-December-2022,61257.17,61464.38,60637.24,60826.22,2022,12,61046.34794510663
23-December-2022,60205.56,60546.88,59765.56,59845.29,2022,12,60852.88958918896
26-December-2022,59755.08,60833.78,59754.1,60566.42,2022,12,59867.38015179216
27-December-2022,60861.41,60986.68,60405.66,60927.43,2022,12,60514.84186615029
28-December-2022,60811.52,61075.33,60713.77,60910.28,2022,12,60953.878784621185
29-December-2022,60628.29,61210.65,60479.06,61133.88,2022,12,60922.83768890834
30-December-2022,61329.16,61392.68,60743.71,60840.74,2022,12,61133.66141557186
2-January-2023,60871.24,61222.79,60764.63,61167.79,2023,1,60971.68420288472
3-January-2023,61074.88,61343.96,61004.04,61294.2,2023,1,61033.39698476192
4-January-2023,61294.65,61327.21,60593.56,60657.45,2023,1,61303.88519516682
5-January-2023,60847.5,60877.06,60049.84,60353.27,2023,1,60699.75331073489
6-January-2023,60388.74,60537.63,59669.91,59900.37,2023,1,60260.58832919531
9-January-2023,60147.07,60889.41,60109.94,60747.31,2023,1,60035.88814114801
10-January-2023,60805.14,60809.65,59938.38,60115.48,2023,1,60688.31203029208
11-January-2023,60134.56,60364.77,59805.78,60105.5,2023,1,60119.930807464
12-January-2023,60083.03,60290.35,59632.32,59958.03,2023,1,60178.38425538196
13-January-2023,60044.96,60418.26,59628.43,60261.18,2023,1,59923.96898446841
16-January-2023,60550.5,60586.77,59963.83,60092.97,2023,1,60371.96476486206
17-January-2023,60142.08,60704.48,60072.34,60655.72,2023,1,59964.043487729316
18-January-2023,60716.03,61110.25,60569.19,61045.74,2023,1,60741.47481085449
19-January-2023,60920.02,61032.47,60716.55,60858.43,2023,1,61070.80935158503
20-January-2023,60901.16,61001.18,60585.25,60621.77,2023,1,60873.30843447621
23-January-2023,60876.01,61113.27,60761.88,60941.67,2023,1,60646.49911255228
24-January-2023,61122.2,61266.06,60849.12,60978.75,2023,1,60919.64437753445
25-January-2023,60834.73,60899.21,60081.36,60205.06,2023,1,61022.18770557421
27-January-2023,60166.9,60166.9,58974.7,59330.9,2023,1,60162.944913070954
30-January-2023,59101.69,59644.24,58699.2,59500.41,2023,1,59362.37729405695
31-January-2023,59770.83,59787.63,59104.59,59549.9,2023,1,59502.06493965279
1-February-2023,60001.17,60773.44,58816.84,59708.08,2023,2,59583.63675738264
2-February-2023,59459.87,60007.67,59215.62,59932.24,2023,2,59694.12252424668
3-February-2023,60350.01,60905.34,60013.06,60841.88,2023,2,59980.675361991496
6-February-2023,60847.21,60847.21,60345.61,60506.9,2023,2,60939.631143800325
7-February-2023,60511.32,60655.14,60063.49,60286.04,2023,2,60496.50106608234
8-February-2023,60332.99,60792.1,60324.92,60663.79,2023,2,60263.872601070376
9-February-2023,60715.89,60863.63,60472.81,60806.22,2023,2,60644.33333255164
10-February-2023,60706.81,60774.14,60501.74,60682.7,2023,2,60851.01347605211
13-February-2023,60652.82,60740.95,60245.05,60431.84,2023,2,60650.8145046379
14-February-2023,60550.25,61102.74,60550.25,61032.26,2023,2,60478.16796714858
15-February-2023,60990.05,61352.55,60750.32,61275.09,2023,2,61097.20533521532
16-February-2023,61566.22,61682.25,61196.72,61319.51,2023,2,61286.44206239223
17-February-2023,60993.54,61302.72,60810.67,61002.57,2023,2,61386.85810909258
20-February-2023,61112.84,61290.19,60607.02,60691.54,2023,2,60965.2688597842
21-February-2023,60770.43,60976.59,60583.72,60672.72,2023,2,60770.1928548374
22-February-2023,60391.86,60462.9,59681.55,59744.98,2023,2,60649.6611938058
23-February-2023,59777.64,59960.04,59406.31,59605.8,2023,2,59726.82427404209
24-February-2023,59859.48,59908.77,59325.34,59463.93,2023,2,59591.89323240663
27-February-2023,59331.31,59441.13,58937.64,59288.35,2023,2,59494.83028130175
28-February-2023,59346.61,59483.72,58795.97,58962.12,2023,2,59347.49202512906
1-March-2023,59136.48,59475.45,59109.54,59411.08,2023,3,58886.70990728335
2-March-2023,59287.18,59423.79,58866.26,58909.35,2023,3,59507.65184626684
3-March-2023,59241.2,59967.04,59231.58,59808.97,2023,3,58863.09899391911
6-March-2023,60007.04,60498.48,60005.65,60224.46,2023,3,59824.8408696467
8-March-2023,59916.1,60402.85,59844.82,60348.09,2023,3,60265.445553103
9-March-2023,60467.09,60467.09,59750.53,59806.28,2023,3,60344.99447526655
10-March-2023,59259.83,59262.47,58884.98,59135.13,2023,3,59775.89121493674
13-March-2023,59033.77,59510.92,58094.55,58237.85,2023,3,59188.72186274312
14-March-2023,58168.75,58490.98,57721.16,57900.19,2023,3,58120.9260996936
15-March-2023,58268.54,58473.63,57455.67,57555.9,2023,3,57886.570765485754
16-March-2023,57510.8,57887.46,57158.69,57634.84,2023,3,57582.32310136188
17-March-2023,58038.17,58178.94,57503.9,57989.9,2023,3,57615.94375095251
20-March-2023,57773.55,57829.23,57084.91,57628.95,2023,3,58106.54189249511
21-March-2023,57963.27,58133.33,57730.09,58074.68,2023,3,57628.01702504283
22-March-2023,58245.26,58418.78,58063.5,58214.59,2023,3,58065.95965594429
23-March-2023,58061.41,58396.17,57838.85,57925.28,2023,3,58223.31041391033
24-March-2023,57890.66,58066.4,57422.98,57527.1,2023,3,57904.96663964833
27-March-2023,57566.9,58019.55,57415.02,57653.86,2023,3,57445.65699590098
28-March-2023,57751.5,57949.45,57494.91,57613.72,2023,3,57733.36532406954
29-March-2023,57572.08,58124.2,57524.32,57960.09,2023,3,57550.41865816647
31-March-2023,58273.86,59068.47,58273.86,58991.52,2023,3,57994.58618935277
3-April-2023,59131.16,59204.82,58793.08,59106.44,2023,4,59066.53388027398
5-April-2023,59094.71,59747.12,59094.4,59689.31,2023,4,59142.19297296636
6-April-2023,59627.01,59950.06,59520.12,59832.97,2023,4,59746.26808806004
10-April-2023,59858.98,60109.11,59766.23,59846.51,2023,4,59863.66236943249
11-April-2023,60028.6,60267.68,59919.88,60157.72,2023,4,59863.50860682552
12-April-2023,60180.2,60437.64,60094.69,60392.77,2023,4,60117.853631489605
13-April-2023,60364.41,60486.91,60081.43,60431.0,2023,4,60512.86642630261
17-April-2023,60385.9,60407.86,59442.47,59910.75,2023,4,60406.285767958594
18-April-2023,59991.26,60113.47,59579.3,59727.01,2023,4,59972.17735975796
19-April-2023,59745.89,59745.89,59452.72,59567.8,2023,4,59793.0367462082
20-April-2023,59586.61,59836.79,59489.98,59632.35,2023,4,59531.561958341386
21-April-2023,59538.79,59781.36,59412.81,59655.06,2023,4,59705.65372783643
24-April-2023,59873.71,60101.64,59620.11,60056.1,2023,4,59646.88109303908
25-April-2023,60202.77,60268.67,59967.02,60130.71,2023,4,60139.39191873313
26-April-2023,60087.98,60362.79,59954.91,60300.58,2023,4,60165.40806060239
27-April-2023,60315.56,60698.31,60271.49,60649.38,2023,4,60323.911199428694
28-April-2023,60721.61,61209.46,60507.83,61112.44,2023,4,60662.15425201934
2-May-2023,61301.61,61486.24,61255.0,61354.71,2023,5,61139.67484317184
3-May-2023,61274.96,61274.96,61024.44,61193.3,2023,5,61375.832975366524
4-May-2023,61258.13,61797.91,61119.56,61749.25,2023,5,61218.68751670691
5-May-2023,61163.1,61585.5,61002.17,61054.29,2023,5,61791.80139908421
8-May-2023,61166.09,61854.19,61166.09,61764.25,2023,5,61061.991318249195
9-May-2023,61879.68,62027.51,61654.94,61761.33,2023,5,61797.43751133582
10-May-2023,61843.36,61974.35,61572.93,61940.2,2023,5,61785.37056692778
11-May-2023,62158.1,62168.22,61823.07,61904.52,2023,5,62032.683431056525
12-May-2023,61857.69,62110.93,61578.15,62027.9,2023,5,61865.576121583734
15-May-2023,62157.1,62562.67,61950.3,62345.71,2023,5,62179.55232737621
16-May-2023,62474.11,62475.95,61847.41,61932.47,2023,5,62282.31188002986
17-May-2023,61932.32,61979.94,61340.1,61560.64,2023,5,61983.82341814863
18-May-2023,61937.86,61955.9,61349.34,61431.74,2023,5,61589.17978106635
19-May-2023,61556.25,61784.61,61251.7,61729.68,2023,5,61387.88454715502
22-May-2023,61579.78,62044.46,61579.78,61963.68,2023,5,61846.23623124985
23-May-2023,62098.16,62245.19,61914.4,61981.79,2023,5,61898.08734463379
24-May-2023,61834.28,62154.14,61708.1,61773.78,2023,5,62075.97437169165
25-May-2023,61706.13,61934.01,61484.66,61872.62,2023,5,61783.76881421186
26-May-2023,61985.36,62529.83,61911.61,62501.69,2023,5,61905.48554175623
29-May-2023,62801.54,63026.0,62801.54,62846.38,2023,5,62519.26674376544
30-May-2023,62839.85,63036.12,62737.4,62969.13,2023,5,62842.62931382582
31-May-2023,62839.97,62876.77,62401.02,62622.24,2023,5,63011.67834917712
1-June-2023,62736.47,62762.41,62359.14,62428.54,2023,6,62661.11044496226
2-June-2023,62601.97,62719.84,62379.86,62547.11,2023,6,62453.03498678695
5-June-2023,62759.19,62943.2,62751.72,62787.47,2023,6,62521.58766506981
6-June-2023,62738.35,62867.95,62554.21,62792.88,2023,6,62819.167059300824
7-June-2023,62917.39,63196.43,62841.95,63142.96,2023,6,62809.971680513125
8-June-2023,63140.17,63321.4,62789.73,62848.64,2023,6,63224.23708953906
9-June-2023,62810.68,62992.16,62594.74,62625.63,2023,6,62899.27426687466
12-June-2023,62659.98,62804.89,62615.2,62724.71,2023,6,62608.00749648069
13-June-2023,62779.14,63177.47,62777.04,63143.16,2023,6,62732.34032826522
14-June-2023,63115.48,63274.03,63013.51,63228.51,2023,6,63182.614397146725
15-June-2023,63153.78,63310.96,62871.08,62917.63,2023,6,63229.40316311547
16-June-2023,62960.73,63520.36,62957.17,63384.58,2023,6,62971.61261390859
19-June-2023,63474.21,63574.69,63047.83,63168.3,2023,6,63420.50015358739
20-June-2023,63176.77,63440.19,62801.91,63327.7,2023,6,63180.44681149738
21-June-2023,63467.46,63588.31,63315.62,63523.15,2023,6,63338.6449149553
22-June-2023,63601.71,63601.71,63200.63,63238.89,2023,6,63518.70671479067
23-June-2023,63124.28,63240.63,62874.12,62979.37,2023,6,63319.15354902739
26-June-2023,62946.5,63136.09,62853.67,62970.0,2023,6,62930.850608368295
27-June-2023,63151.85,63467.54,63054.84,63416.03,2023,6,63041.86837427782
28-June-2023,63701.78,64050.44,63554.82,63915.42,2023,6,63414.085013033226
30-June-2023,64068.44,64768.58,64068.44,64718.56,2023,6,63930.074507554426
3-July-2023,64836.16,65300.35,64836.16,65205.05,2023,7,64838.856950012
4-July-2023,65503.85,65672.97,65171.06,65479.05,2023,7,65219.81457044033
5-July-2023,65493.68,65584.33,65256.49,65446.04,2023,7,65557.06787268377
6-July-2023,65391.88,65832.98,65328.29,65785.64,2023,7,65445.62230831402
7-July-2023,65559.41,65898.98,65175.74,65280.45,2023,7,65802.84083011039
10-July-2023,65482.33,65633.49,65246.4,65344.17,2023,7,65280.99613382701
11-July-2023,65598.65,65870.59,65517.57,65617.84,2023,7,65375.135163097475
12-July-2023,65759.28,65811.64,65320.25,65393.9,2023,7,65677.28344997703
13-July-2023,65667.07,66064.21,65452.15,65558.89,2023,7,65458.1731107881
14-July-2023,65775.49,66159.79,65610.82,66060.9,2023,7,65568.09870382516
17-July-2023,66148.18,66656.21,66015.63,66589.93,2023,7,66167.21555036427
18-July-2023,66828.96,67007.02,66574.47,66795.14,2023,7,66630.94471189557
19-July-2023,66905.01,67171.38,66703.61,67097.44,2023,7,66802.13040299511
20-July-2023,67074.34,67619.17,66831.38,67571.9,2023,7,67196.97745342879
21-July-2023,66907.07,67190.52,66533.74,66684.26,2023,7,67561.02617978229
24-July-2023,66629.14,66808.56,66326.25,66384.78,2023,7,66718.98886340886
25-July-2023,66531.2,66559.29,66177.62,66355.71,2023,7,66360.02292039635
26-July-2023,66434.72,66897.27,66431.34,66707.2,2023,7,66372.02817887212
27-July-2023,66834.12,66984.17,66060.74,66266.82,2023,7,66772.72378897193
28-July-2023,66266.35,66351.22,65878.65,66160.2,2023,7,66241.3751178136
31-July-2023,66156.39,66598.42,65998.9,66527.67,2023,7,66268.48094498151
1-August-2023,66532.98,66658.12,66388.26,66459.31,2023,8,66539.77499365745
2-August-2023,66064.41,66261.97,65431.68,65782.78,2023,8,66504.03179756294
3-August-2023,65550.82,65820.82,64963.08,65240.68,2023,8,65739.63683862549
4-August-2023,65453.55,65799.27,65387.18,65721.25,2023,8,65212.28466767313
7-August-2023,65811.4,66067.9,65748.25,65953.48,2023,8,65784.75596459435
8-August-2023,66048.81,66057.53,65752.63,65846.5,2023,8,65930.98517075121
9-August-2023,65810.96,66066.01,65444.38,65995.81,2023,8,65870.35216249344
10-August-2023,65945.39,65956.25,65509.14,65688.18,2023,8,66007.27247693634
11-August-2023,65727.8,65727.8,65274.61,65322.65,2023,8,65761.87591028362
14-August-2023,65153.02,65517.82,64821.88,65401.92,2023,8,65268.23262726605
16-August-2023,65238.67,65605.74,65032.89,65539.42,2023,8,65378.69520735627
17-August-2023,65503.85,65535.14,65046.1,65151.02,2023,8,65563.69187652013
18-August-2023,65025.71,65175.32,64754.72,64948.66,2023,8,65136.42008974495
21-August-2023,64852.7,65335.82,64852.7,65216.09,2023,8,65006.7320248391
22-August-2023,65272.42,65362.91,65165.45,65220.03,2023,8,65226.346079100265
23-August-2023,65300.93,65504.71,65108.51,65433.3,2023,8,65218.02049024485
24-August-2023,65722.51,65913.77,65181.94,65252.34,2023,8,65448.83896951753
25-August-2023,65000.67,65106.0,64732.57,64886.51,2023,8,65272.249582180375
28-August-2023,64908.08,65213.45,64776.92,64996.6,2023,8,64897.87945234648
29-August-2023,65201.35,65229.03,64956.67,65075.82,2023,8,64987.52459447507
30-August-2023,65311.58,65458.7,65052.74,65087.25,2023,8,65106.76659236918
31-August-2023,65178.33,65277.04,64723.63,64831.41,2023,8,65053.428855213075
1-September-2023,64855.51,65473.27,64818.37,65387.16,2023,9,64870.4443254584
4-September-2023,65525.91,65683.91,65285.56,65628.14,2023,9,65454.77770103225
5-September-2023,65671.6,65831.7,65601.47,65780.26,2023,9,65620.6339311372
6-September-2023,65744.19,65971.13,65488.03,65880.52,2023,9,65822.15691416651
7-September-2023,65854.25,66296.9,65672.34,66265.56,2023,9,65876.59546558913
8-September-2023,66381.43,66766.92,66299.3,66598.91,2023,9,66337.85099751438
11-September-2023,66807.73,67172.13,66735.84,67127.08,2023,9,66604.28040903312
12-September-2023,67506.88,67539.1,66948.18,67221.13,2023,9,67167.83729180244
13-September-2023,67188.64,67565.41,67053.36,67466.99,2023,9,67262.36748310135
14-September-2023,67627.03,67771.05,67336.46,67519.0,2023,9,67504.18180353798
15-September-2023,67659.91,67927.23,67614.42,67838.63,2023,9,67582.10740689028
18-September-2023,67665.58,67803.15,67532.83,67596.84,2023,9,67859.56151523608
20-September-2023,67080.18,67294.16,66728.14,66800.84,2023,9,67612.85197746297
21-September-2023,66608.67,66608.67,66128.71,66230.24,2023,9,66834.08065702193
22-September-2023,66215.04,66445.47,65952.83,66009.15,2023,9,66231.50405142996
25-September-2023,66082.99,66225.63,65764.03,66023.69,2023,9,66036.8974987641
26-September-2023,66071.63,66078.26,65865.63,65945.47,2023,9,66028.60558947753
27-September-2023,65925.64,66172.27,65549.96,66118.69,2023,9,65957.5863157324
28-September-2023,66406.01,66406.01,65423.39,65508.32,2023,9,66200.49251802103
29-September-2023,65743.93,66151.65,65570.38,65828.41,2023,9,65505.93402203481
3-October-2023,65813.42,65813.5,65344.59,65512.1,2023,10,65843.64513489304
4-October-2023,65330.65,65332.52,64878.77,65226.04,2023,10,65473.382239489896
5-October-2023,65598.26,65753.2,65443.34,65631.57,2023,10,65208.61445643622
6-October-2023,65867.54,66095.81,65762.33,65995.63,2023,10,65609.71851432031
9-October-2023,65560.07,65789.98,65434.61,65512.39,2023,10,66095.17107170493
10-October-2023,65662.27,66180.17,65662.27,66079.36,2023,10,65446.34566923622
11-October-2023,66376.42,66592.16,66299.79,66473.05,2023,10,66119.37170013666
12-October-2023,66564.57,66577.6,66339.42,66408.39,2023,10,66552.04538629726
13-October-2023,66034.21,66478.9,65895.41,66282.74,2023,10,66349.18485908154
16-October-2023,66238.15,66342.75,66039.38,66166.93,2023,10,66320.23108025947
17-October-2023,66558.15,66559.82,66309.18,66428.09,2023,10,66209.45375967391
18-October-2023,66473.74,66475.27,65842.1,65877.02,2023,10,66408.00805602851
19-October-2023,65484.61,65869.65,65343.5,65629.24,2023,10,65907.73941866607
20-October-2023,65437.07,65555.14,65308.61,65397.62,2023,10,65639.46134241702
23-October-2023,65419.02,65453.92,64502.68,64571.88,2023,10,65382.502373015595
25-October-2023,64619.27,64787.08,63912.16,64049.06,2023,10,64645.539309869826
26-October-2023,63774.16,63774.16,63092.98,63148.15,2023,10,63958.3847679962
27-October-2023,63559.32,63913.13,63393.37,63782.8,2023,10,63171.85164407495
30-October-2023,63885.56,64184.58,63431.45,64112.65,2023,10,63784.13112458426
31-October-2023,64449.65,64452.32,63812.53,63874.93,2023,10,64121.82755887859
1-November-2023,63829.87,63896.05,63550.46,63591.33,2023,11,63936.32191559335
2-November-2023,64033.4,64202.64,63815.35,64080.9,2023,11,63509.66037500029
3-November-2023,64444.9,64535.19,64275.39,64363.78,2023,11,64193.03322782797
6-November-2023,64835.23,64992.54,64617.48,64958.69,2023,11,64279.55076385176
7-November-2023,65021.29,65021.29,64638.1,64942.4,2023,11,64937.08254529163
8-November-2023,65101.95,65124.0,64851.06,64975.61,2023,11,65003.66127011196
9-November-2023,65025.32,65046.56,64768.76,64832.2,2023,11,64981.11901848452
10-November-2023,64756.11,65014.06,64580.95,64904.68,2023,11,64871.17113171793
12-November-2023,65418.98,65418.98,65218.6,65259.45,2023,11,64899.160036406
13-November-2023,65158.31,65176.96,64853.36,64933.87,2023,11,65243.804552433845
15-November-2023,65461.54,65747.65,65373.5,65675.93,2023,11,64998.35267681758
16-November-2023,65665.87,66358.37,65507.02,65982.48,2023,11,65739.34174078157
17-November-2023,65788.79,66037.69,65639.74,65794.73,2023,11,66032.88683410498
20-November-2023,65787.51,65844.01,65547.8,65655.15,2023,11,65849.24022847932
21-November-2023,65860.46,66082.36,65849.17,65930.77,2023,11,65606.0489017697
22-November-2023,65839.62,66063.43,65664.85,66023.24,2023,11,66051.36073195786
23-November-2023,66084.37,66235.24,65980.5,66017.81,2023,11,65973.88242032564
24-November-2023,66000.29,66101.64,65894.05,65970.04,2023,11,66056.48062534518
28-November-2023,66063.72,66256.2,65906.65,66174.2,2023,11,66030.07674167989
29-November-2023,66381.26,66946.28,66374.52,66901.91,2023,11,66184.18070216563
30-November-2023,66963.2,67069.89,66610.35,66988.44,2023,11,66989.86804811488
1-December-2023,67181.15,67564.33,67149.07,67481.19,2023,12,66999.17266540014
4-December-2023,68435.34,68918.22,68274.47,68865.12,2023,12,67517.07943605939
5-December-2023,69168.53,69381.31,68954.88,69296.14,2023,12,68962.34221707174
6-December-2023,69534.93,69744.62,69395.01,69653.73,2023,12,69386.13170227883
7-December-2023,69694.15,69695.33,69320.53,69521.69,2023,12,69632.49195879465
8-December-2023,69666.38,69893.8,69506.12,69825.6,2023,12,69607.88001948927
11-December-2023,69925.63,70057.83,69782.48,69928.53,2023,12,69876.43396605234
12-December-2023,70020.68,70033.64,69443.85,69551.03,2023,12,69906.48374434268
13-December-2023,69648.56,69657.93,69100.56,69584.6,2023,12,69648.09904342248
14-December-2023,70146.09,70602.89,70110.75,70514.2,2023,12,69574.51626951712
15-December-2023,70804.13,71605.76,70655.97,71483.75,2023,12,70666.28641486369
18-December-2023,71437.35,71552.24,71142.29,71315.09,2023,12,71585.8265833254
19-December-2023,71479.28,71623.71,71071.98,71437.19,2023,12,71318.02918711395
20-December-2023,71647.66,71913.07,70302.6,70506.31,2023,12,71543.3731278499
21-December-2023,69920.89,70958.71,69920.39,70865.1,2023,12,70513.27053099487
22-December-2023,71045.65,71259.55,70713.56,71106.96,2023,12,70865.09144846658
26-December-2023,71097.78,71471.29,71012.08,71336.8,2023,12,71085.9740724335
27-December-2023,71492.02,72119.85,71473.65,72038.43,2023,12,71424.6018018629
28-December-2023,72262.67,72484.34,72137.45,72410.38,2023,12,72068.83394499205
29-December-2023,72351.59,72417.01,72082.64,72240.26,2023,12,72605.28175267161
1-January-2024,72218.39,72561.91,72031.23,72271.94,2024,1,72203.41630116483
2-January-2024,72332.85,72332.85,71613.74,71892.48,2024,1,72263.15022749624
3-January-2024,71832.62,71862.0,71303.97,71356.6,2024,1,71966.65697685852
4-January-2024,71678.93,71954.79,71546.6,71847.57,2024,1,71257.9045864181
5-January-2024,72016.71,72156.48,71779.83,72026.15,2024,1,71943.2734453307
8-January-2024,72113.25,72181.77,71301.04,71355.22,2024,1,72069.58101150754
9-January-2024,71770.91,72035.47,71307.27,71386.21,2024,1,71353.5037168883
10-January-2024,71383.2,71733.84,71110.98,71657.71,2024,1,71444.43507191096
11-January-2024,71907.75,71999.47,71543.19,71721.18,2024,1,71722.75340603216
12-January-2024,72148.07,72720.96,71982.29,72568.45,2024,1,71672.953456838
15-January-2024,73049.87,73402.16,72909.0,73327.94,2024,1,72611.3513813509
16-January-2024,73331.95,73427.59,72960.29,73128.77,2024,1,73426.86301555771
17-January-2024,71998.93,72484.8,71429.3,71500.76,2024,1,73128.17465584243
18-January-2024,71018.86,71451.29,70665.5,71186.86,2024,1,71496.20198019607
19-January-2024,71786.74,71895.64,71542.74,71683.23,2024,1,71166.4588640647
20-January-2024,72008.3,72026.26,71312.71,71423.65,2024,1,71639.57759930458
23-January-2024,71868.2,72039.2,70234.55,70370.55,2024,1,71458.03518124095
