Date,Open,High,Low,Close,year,month,arma_Close_pred
1-January-2021,47785.28,47980.36,47771.15,47868.98,2021,1,47719.02022304967
4-January-2021,48109.17,48220.47,47594.47,48176.8,2021,1,47723.827755966646
5-January-2021,48037.63,48486.24,47903.38,48437.78,2021,1,47677.61842806871
6-January-2021,48616.66,48616.66,47864.14,48174.06,2021,1,47785.63918449844
7-January-2021,48524.36,48558.34,48037.87,48093.32,2021,1,47762.91535016767
8-January-2021,48464.91,48854.34,48365.58,48782.51,2021,1,47762.273664588385
11-January-2021,49252.31,49303.79,48956.38,49269.32,2021,1,47768.905802799934
12-January-2021,49228.26,49569.14,49079.57,49517.11,2021,1,47754.01100873863
13-January-2021,49763.93,49795.19,49073.85,49492.32,2021,1,47804.71381377851
14-January-2021,49432.83,49663.58,49182.37,49584.16,2021,1,47753.23170806533
15-January-2021,49656.71,49656.71,48795.79,49034.67,2021,1,47744.39791918706
18-January-2021,49061.22,49122.23,48403.97,48564.27,2021,1,47776.88357572402
19-January-2021,48900.31,49499.86,48805.54,49398.29,2021,1,47758.15986795061
20-January-2021,49508.79,49874.42,49373.68,49792.12,2021,1,47773.93236745595
21-January-2021,50096.57,50184.01,49398.86,49624.76,2021,1,47741.3832906024
22-January-2021,49594.95,49676.88,48832.08,48878.54,2021,1,47749.17430977945
25-January-2021,49253.68,49263.15,48274.92,48347.59,2021,1,47773.954422111805
27-January-2021,48385.28,48387.25,47269.6,47409.93,2021,1,47743.73613554282
28-January-2021,46834.57,47172.02,46518.48,46874.36,2021,1,47749.55173682528
29-January-2021,47423.47,47423.66,46160.46,46285.77,2021,1,47741.984888379244
1-February-2021,46617.95,48764.4,46433.65,48600.61,2021,2,47748.02821679099
2-February-2021,49193.26,50154.48,49193.26,49797.72,2021,2,47755.60687476475
3-February-2021,50231.06,50526.39,49515.88,50255.75,2021,2,47729.26962033333
4-February-2021,50212.25,50687.51,49926.45,50614.29,2021,2,47739.82537717938
5-February-2021,51031.39,51073.27,50565.29,50731.63,2021,2,47741.10960659749
8-February-2021,51146.67,51523.38,51146.67,51348.77,2021,2,47736.48275948206
9-February-2021,51484.23,51835.86,51193.93,51329.08,2021,2,47736.31093568911
10-February-2021,51355.89,51512.86,50846.22,51309.39,2021,2,47722.726212750684
11-February-2021,51165.84,51592.45,51157.31,51531.52,2021,2,47733.75731735694
12-February-2021,51614.77,51804.58,51260.62,51544.3,2021,2,47731.75708571527
15-February-2021,51907.75,52235.97,51886.46,52154.13,2021,2,47721.81971920065
16-February-2021,52400.03,52516.76,51863.61,52104.17,2021,2,47723.74346135924
17-February-2021,51996.94,52078.15,51586.34,51703.83,2021,2,47718.86533846404
18-February-2021,51903.96,51903.96,51186.68,51324.69,2021,2,47723.71013273735
19-February-2021,51238.02,51432.99,50624.33,50889.76,2021,2,47718.19129713515
22-February-2021,50910.51,50986.03,49617.37,49744.32,2021,2,47710.75758727418
23-February-2021,49994.85,50327.31,49659.85,49751.41,2021,2,47715.40553235594
24-February-2021,49763.94,50881.17,49648.78,50781.69,2021,2,47711.71339888986
25-February-2021,51207.61,51386.12,50991.76,51039.31,2021,2,47710.56853107433
26-February-2021,50256.71,50400.31,48890.48,49099.99,2021,2,47706.21891956402
1-March-2021,49747.71,50058.42,49440.46,49849.84,2021,3,47702.95932726817
2-March-2021,50258.09,50439.82,49807.12,50296.89,2021,3,47706.31923877665
3-March-2021,50738.21,51539.89,50512.84,51444.65,2021,3,47701.06479571977
4-March-2021,50812.14,51256.55,50539.92,50846.08,2021,3,47698.29069013317
5-March-2021,50517.36,50886.19,50160.54,50405.32,2021,3,47696.88545888078
8-March-2021,50654.02,50985.77,50318.26,50441.07,2021,3,47694.9411868689
9-March-2021,50714.16,51111.94,50396.1,51025.48,2021,3,47695.11688323
10-March-2021,51404.68,51430.43,51048.93,51279.51,2021,3,47689.90418157768
12-March-2021,51660.98,51821.84,50538.43,50792.08,2021,3,47688.23200893219
15-March-2021,50773.47,50834.78,49799.07,50395.08,2021,3,47688.00019080402
16-March-2021,50608.42,50857.98,50289.44,50363.96,2021,3,47685.12562542268
17-March-2021,50436.02,50561.12,49718.65,49801.62,2021,3,47683.460866135254
18-March-2021,50161.25,50296.35,48962.36,49216.52,2021,3,47679.94335952865
19-March-2021,48881.19,50003.58,48586.93,49858.24,2021,3,47679.02651218368
22-March-2021,49878.77,49878.77,49281.02,49771.29,2021,3,47678.02558081819
23-March-2021,49876.21,50264.65,49661.92,50051.44,2021,3,47674.43263462846
24-March-2021,49786.47,49854.58,49120.34,49180.31,2021,3,47672.775922841116
25-March-2021,49201.98,49247.95,48236.35,48440.12,2021,3,47670.67001825172
26-March-2021,48969.25,49234.66,48699.91,49008.5,2021,3,47669.26488101853
30-March-2021,49331.68,50268.45,49331.68,50136.58,2021,3,47667.29257659603
31-March-2021,50049.12,50050.32,49442.5,49509.15,2021,3,47664.10283716009
1-April-2021,49868.53,50092.48,49478.53,50029.83,2021,4,47662.912435801416
5-April-2021,50020.91,50028.67,48580.8,49159.32,2021,4,47661.056204598746
6-April-2021,49441.13,49582.26,48936.35,49201.39,2021,4,47658.867092925124
7-April-2021,49277.09,49900.13,49093.9,49661.76,2021,4,47656.72645267796
8-April-2021,49885.26,50118.08,49581.61,49746.21,2021,4,47654.32288522172
9-April-2021,49743.39,49906.91,49461.01,49591.32,2021,4,47653.06719191471
12-April-2021,48956.65,48956.65,47693.44,47883.38,2021,4,47650.878567940395
13-April-2021,47991.53,48627.43,47775.32,48544.06,2021,4,47648.45275472755
15-April-2021,48512.77,48887.85,48010.55,48803.68,2021,4,47646.630872008216
16-April-2021,48935.74,49089.55,48694.49,48832.03,2021,4,47644.597662874265
19-April-2021,47940.81,48020.79,47362.71,47949.42,2021,4,47642.88774172639
20-April-2021,48473.04,48478.34,47438.5,47705.8,2021,4,47640.55069097531
22-April-2021,47501.71,48143.16,47204.5,48080.67,2021,4,47638.35422247691
23-April-2021,47863.81,48265.39,47669.55,47878.45,2021,4,47636.70711337798
26-April-2021,48197.37,48667.98,48152.24,48386.51,2021,4,47634.60262773804
27-April-2021,48424.08,49009.26,48399.53,48944.14,2021,4,47632.571250112705
28-April-2021,49066.64,49801.48,49066.64,49733.84,2021,4,47630.402589516896
29-April-2021,50093.86,50375.77,49535.98,49765.94,2021,4,47628.427687419666
30-April-2021,49360.89,49569.42,48698.08,48782.36,2021,4,47626.65712936231
3-May-2021,48356.01,48863.23,48028.07,48718.52,2021,5,47624.4266358025
4-May-2021,48881.63,48996.53,48149.45,48253.51,2021,5,47622.3747390684
5-May-2021,48569.12,48742.72,48254.32,48677.55,2021,5,47620.40715355098
6-May-2021,48877.78,49011.31,48614.11,48949.76,2021,5,47618.43617383934
7-May-2021,49169.14,49417.64,49036.38,49206.47,2021,5,47616.47534913554
10-May-2021,49496.05,49617.47,49412.05,49502.41,2021,5,47614.27873798399
11-May-2021,49066.45,49304.47,48988.18,49161.81,2021,5,47612.321915968285
12-May-2021,49171.28,49171.28,48550.72,48690.8,2021,5,47610.39647102251
14-May-2021,48898.93,48898.93,48473.43,48732.55,2021,5,47608.33005067416
17-May-2021,48990.7,49628.42,48923.13,49580.73,2021,5,47606.301312060226
18-May-2021,49986.68,50313.25,49959.2,50193.33,2021,5,47604.224856934736
19-May-2021,50088.81,50279.01,49831.4,49902.64,2021,5,47602.294231244196
20-May-2021,49971.52,50099.17,49496.78,49564.86,2021,5,47600.30374873151
21-May-2021,49833.98,50591.12,49832.72,50540.48,2021,5,47598.199300450724
24-May-2021,50727.28,50857.59,50465.9,50651.9,2021,5,47596.20487860405
25-May-2021,50922.32,50961.35,50474.34,50637.53,2021,5,47594.19983459152
26-May-2021,50899.58,51072.61,50620.45,51017.52,2021,5,47592.21773622048
27-May-2021,51128.8,51282.9,50891.66,51115.22,2021,5,47590.17937155718
28-May-2021,51381.27,51529.32,51258.69,51422.88,2021,5,47588.11284968776
31-May-2021,51476.22,52013.22,51179.94,51937.44,2021,5,47586.1511676867
1-June-2021,52067.51,52228.65,51808.88,51934.88,2021,6,47584.141788957364
2-June-2021,51749.1,51913.92,51450.58,51849.48,2021,6,47582.11107975016
3-June-2021,52121.58,52273.23,51942.2,52232.43,2021,6,47580.08190854581
4-June-2021,52367.52,52389.02,51952.7,52100.05,2021,6,47578.061554778345
7-June-2021,52231.38,52378.69,52054.76,52328.51,2021,6,47576.08750639142
8-June-2021,52428.72,52432.43,52135.04,52275.57,2021,6,47574.05336009843
9-June-2021,52401.41,52446.92,51717.07,51941.64,2021,6,47572.0181079864
10-June-2021,52143.9,52346.35,51957.92,52300.47,2021,6,47570.0165064185
11-June-2021,52477.19,52641.53,52388.95,52474.76,2021,6,47568.007767211224
14-June-2021,52492.34,52590.92,51936.31,52551.53,2021,6,47566.003638181566
15-June-2021,52751.83,52869.51,52671.29,52773.05,2021,6,47563.96709399459
16-June-2021,52782.21,52816.31,52425.57,52501.98,2021,6,47561.95073050753
17-June-2021,52122.25,52523.88,52040.51,52323.33,2021,6,47559.95747405496
18-June-2021,52568.07,52586.41,51601.11,52344.45,2021,6,47557.937594422154
21-June-2021,51887.55,52629.18,51740.19,52574.46,2021,6,47555.91932372406
22-June-2021,52885.04,53057.11,52520.55,52588.71,2021,6,47553.89864435408
23-June-2021,52912.35,52912.35,52264.12,52306.08,2021,6,47551.89307631759
24-June-2021,52514.57,52830.68,52385.05,52699.0,2021,6,47549.889594209555
25-June-2021,52877.16,52973.07,52614.49,52925.04,2021,6,47547.86275209918
28-June-2021,53126.73,53126.73,52673.5,52735.59,2021,6,47545.84884788689
29-June-2021,52795.76,52816.42,52477.77,52549.66,2021,6,47543.84046118715
30-June-2021,52651.09,52875.92,52448.64,52482.71,2021,6,47541.831197459804
1-July-2021,52638.5,52638.5,52281.01,52318.6,2021,7,47539.81776631635
2-July-2021,52434.55,52527.9,52177.68,52484.67,2021,7,47537.79607509607
5-July-2021,52682.89,52919.17,52604.35,52880.0,2021,7,47535.78934554992
6-July-2021,52874.85,53129.37,52804.18,52861.18,2021,7,47533.78148911313
7-July-2021,52919.71,53105.41,52751.76,53054.76,2021,7,47531.76573094526
8-July-2021,53065.69,53103.03,52428.84,52568.94,2021,7,47529.75176766761
9-July-2021,52508.24,52555.73,52228.01,52386.19,2021,7,47527.73844711514
12-July-2021,52634.33,52700.51,52208.96,52372.69,2021,7,47525.73220379907
13-July-2021,52694.89,52806.86,52545.68,52769.73,2021,7,47523.72008977538
14-July-2021,52801.44,52978.58,52611.97,52904.05,2021,7,47521.7037032903
15-July-2021,52968.89,53266.12,52948.43,53158.85,2021,7,47519.69401567968
16-July-2021,53244.4,53290.81,52997.09,53140.06,2021,7,47517.684215023306
19-July-2021,52606.99,52821.17,52405.89,52553.4,2021,7,47515.674369745255
20-July-2021,52432.88,52465.03,52013.51,52198.51,2021,7,47513.660934162705
22-July-2021,52494.56,52867.26,52471.23,52837.21,2021,7,47511.64826968893
23-July-2021,52967.87,53114.7,52653.77,52975.8,2021,7,47509.6409025619
26-July-2021,52985.26,53103.42,52783.63,52852.27,2021,7,47507.63024356462
27-July-2021,52995.72,53024.7,52433.18,52578.76,2021,7,47505.61840459181
28-July-2021,52673.69,52673.69,51802.73,52443.71,2021,7,47503.60720519893
29-July-2021,52693.53,52777.18,52561.39,52653.07,2021,7,47501.59757688033
30-July-2021,52792.36,52910.23,52533.91,52586.84,2021,7,47499.589411357934
2-August-2021,52901.28,52986.77,52804.08,52950.63,2021,8,47497.57779490604
3-August-2021,53125.97,53887.98,53088.35,53823.36,2021,8,47495.56699628312
4-August-2021,54071.22,54465.91,54034.31,54369.77,2021,8,47493.55825032033
5-August-2021,54576.64,54717.24,54230.89,54492.84,2021,8,47491.549173614694
6-August-2021,54492.17,54633.58,54210.33,54277.72,2021,8,47489.53975713796
9-August-2021,54385.71,54584.73,54124.27,54402.85,2021,8,47487.52907037421
10-August-2021,54461.31,54779.66,54308.77,54554.66,2021,8,47485.52019252391
11-August-2021,54730.65,54758.74,54167.2,54525.93,2021,8,47483.512216073956
12-August-2021,54641.22,54874.1,54536.65,54843.98,2021,8,47481.50274957618
13-August-2021,54911.95,55487.79,54905.49,55437.29,2021,8,47479.49348356271
16-August-2021,55479.74,55680.75,55281.02,55582.58,2021,8,47477.48458430469
17-August-2021,55565.64,55854.88,55386.49,55792.27,2021,8,47475.476683444926
18-August-2021,56073.31,56118.57,55514.89,55629.49,2021,8,47473.46850611413
20-August-2021,55159.13,55543.16,55013.98,55329.32,2021,8,47471.45935006277
23-August-2021,55695.84,55781.17,55240.29,55555.79,2021,8,47469.4512314604
24-August-2021,55647.11,56023.22,55536.84,55958.98,2021,8,47467.44354431187
25-August-2021,56067.06,56198.13,55899.96,55944.21,2021,8,47465.43577810649
26-August-2021,55988.41,56112.39,55854.07,55949.1,2021,8,47463.42772713362
27-August-2021,55862.93,56188.23,55675.87,56124.72,2021,8,47461.419652863435
30-August-2021,56329.25,56958.27,56309.86,56889.76,2021,8,47459.412553072834
31-August-2021,56995.15,57625.26,56859.1,57552.39,2021,8,47457.40532035598
1-September-2021,57763.53,57918.71,57263.9,57338.21,2021,9,47455.397759682484
2-September-2021,57423.65,57892.37,57287.79,57852.54,2021,9,47453.390470011625
3-September-2021,57983.45,58194.79,57764.07,58129.95,2021,9,47451.38349278544
6-September-2021,58411.62,58515.85,58200.29,58296.91,2021,9,47449.376902801414
7-September-2021,58418.69,58553.07,58005.07,58279.48,2021,9,47447.36999282319
8-September-2021,58350.56,58372.94,57924.48,58250.26,2021,9,47445.36309881545
9-September-2021,58172.98,58334.59,58084.99,58305.07,2021,9,47443.35673172664
13-September-2021,58262.11,58314.64,57944.63,58177.76,2021,9,47441.35046270475
14-September-2021,58482.62,58482.62,58214.29,58247.09,2021,9,47439.34421880174
15-September-2021,58354.11,58777.06,58272.82,58723.2,2021,9,47437.33791279681
16-September-2021,58881.04,59204.29,58700.5,59141.16,2021,9,47435.331888291505
17-September-2021,59409.98,59737.32,58871.73,59015.89,2021,9,47433.326221227006
20-September-2021,58634.69,59202.56,58389.69,58490.93,2021,9,47431.32044360603
21-September-2021,58630.06,59084.51,58232.54,59005.27,2021,9,47429.31472962691
22-September-2021,59166.15,59178.44,58878.38,58927.33,2021,9,47427.30921832665
23-September-2021,59358.18,59957.25,59243.15,59885.36,2021,9,47425.303943317216
24-September-2021,60158.76,60333.0,59946.55,60048.47,2021,9,47423.29879288691
27-September-2021,60303.79,60412.32,59887.19,60077.88,2021,9,47421.29357618056
28-September-2021,60285.89,60288.44,59045.53,59667.6,2021,9,47419.28857472197
29-September-2021,59296.54,59678.66,59111.41,59413.27,2021,9,47417.283808520464
30-September-2021,59549.57,59557.24,59019.28,59126.36,2021,9,47415.27912551064
1-October-2021,58889.77,58890.08,58551.14,58765.58,2021,10,47413.27451351963
4-October-2021,59143.0,59548.82,58952.11,59299.32,2021,10,47411.26998933274
5-October-2021,59320.14,59778.87,59127.04,59744.88,2021,10,47409.26570922222
6-October-2021,59942.0,59963.57,59079.86,59189.73,2021,10,47407.26156632755
7-October-2021,59632.81,59914.91,59597.06,59677.83,2021,10,47405.257454855666
8-October-2021,59960.39,60212.3,59830.93,60059.06,2021,10,47403.253485086185
11-October-2021,60099.68,60476.13,59811.42,60135.78,2021,10,47401.249679234585
12-October-2021,60045.75,60331.74,59885.39,60284.31,2021,10,47399.24604070738
13-October-2021,60619.91,60836.63,60452.29,60737.05,2021,10,47397.24248224021
14-October-2021,61088.82,61353.25,60978.04,61305.95,2021,10,47395.2390076764
18-October-2021,61817.32,61963.07,61624.65,61765.59,2021,10,47393.235723992635
19-October-2021,62156.48,62245.43,61594.29,61716.05,2021,10,47391.23258133124
20-October-2021,61800.07,61880.36,61109.29,61259.96,2021,10,47389.22954319689
21-October-2021,61557.94,61621.2,60485.65,60923.5,2021,10,47387.226607736826
22-October-2021,61044.54,61420.13,60551.15,60821.62,2021,10,47385.223811390795
25-October-2021,61398.75,61404.99,60449.68,60967.05,2021,10,47383.221187228744
26-October-2021,60997.9,61497.71,60791.29,61350.26,2021,10,47381.218665055836
27-October-2021,61499.7,61576.85,60989.39,61143.33,2021,10,47379.21624717585
28-October-2021,61081.0,61081.0,59777.58,59984.7,2021,10,47377.21397215685
29-October-2021,59857.33,60132.81,59089.37,59306.93,2021,10,47375.211841720775
1-November-2021,59577.48,60220.21,59355.12,60138.46,2021,11,47373.20984399085
2-November-2021,60360.61,60421.14,59881.75,60029.06,2021,11,47371.20794601915
3-November-2021,60275.21,60361.82,59552.49,59771.92,2021,11,47369.206179112996
4-November-2021,60207.97,60207.97,60011.46,60067.62,2021,11,47367.20456409225
8-November-2021,60385.76,60609.16,59779.19,60545.61,2021,11,47365.20307243317
9-November-2021,60609.72,60670.47,60213.64,60433.45,2021,11,47363.20169854625
10-November-2021,60295.26,60506.5,59967.45,60352.82,2021,11,47361.20044610935
11-November-2021,60291.7,60293.25,59656.26,59919.69,2021,11,47359.19933616405
12-November-2021,60248.04,60750.72,59997.96,60686.69,2021,11,47357.19836258876
15-November-2021,60837.4,61036.56,60597.36,60718.71,2021,11,47355.197501414696
16-November-2021,60755.38,60802.79,60199.56,60322.37,2021,11,47353.19676675715
17-November-2021,60179.93,60426.61,59944.77,60008.33,2021,11,47351.1961677851
18-November-2021,59968.75,60177.52,59376.5,59636.01,2021,11,47349.19570294206
22-November-2021,59710.48,59778.37,58011.92,58465.89,2021,11,47347.195361729566
23-November-2021,57983.95,58834.95,57718.34,58664.33,2021,11,47345.19513945953
24-November-2021,58839.32,58968.12,58143.44,58340.99,2021,11,47343.19505327209
25-November-2021,58363.93,58901.58,58143.86,58795.09,2021,11,47341.19510072548
26-November-2021,58254.79,58254.79,56993.89,57107.15,2021,11,47339.19527211742
29-November-2021,57028.04,57626.51,56382.93,57260.58,2021,11,47337.19556770683
30-November-2021,57272.08,58183.77,56867.51,57064.87,2021,11,47335.19599202683
1-December-2021,57365.85,57846.45,57346.78,57684.79,2021,12,47333.19655157768
2-December-2021,57781.48,58513.93,57680.41,58461.29,2021,12,47331.19723765511
3-December-2021,58555.58,58757.09,57640.57,57696.46,2021,12,47329.198046487836
6-December-2021,57778.01,57781.46,56687.62,56747.14,2021,12,47327.19898542528
7-December-2021,57125.98,57905.63,56992.27,57633.65,2021,12,47325.20005562705
8-December-2021,58158.56,58702.65,58122.27,58649.68,2021,12,47323.20125509532
9-December-2021,58831.41,58889.96,58340.85,58807.13,2021,12,47321.20257899566
10-December-2021,58696.71,58859.91,58414.76,58786.67,2021,12,47319.20402998331
13-December-2021,59103.72,59203.37,58242.8,58283.42,2021,12,47317.205613268925
14-December-2021,58059.76,58322.42,57803.87,58117.09,2021,12,47315.2073248975
15-December-2021,58122.0,58218.25,57671.61,57788.03,2021,12,47313.20916266197
16-December-2021,58243.43,58337.2,57683.11,57901.14,2021,12,47311.211127497605
17-December-2021,58021.63,58062.28,56950.98,57011.74,2021,12,47309.21322218146
20-December-2021,56517.26,56538.15,55132.68,55822.01,2021,12,47307.21544701154
21-December-2021,56320.02,56900.74,56047.22,56319.01,2021,12,47305.217797880694
22-December-2021,56599.47,56989.01,56471.03,56930.56,2021,12,47303.22027585368
23-December-2021,57251.15,57490.52,57146.28,57315.28,2021,12,47301.22288331781
24-December-2021,57567.11,57623.69,56813.42,57124.31,2021,12,47299.22561994909
27-December-2021,56948.33,57512.01,56543.08,57420.24,2021,12,47297.22848430395
28-December-2021,57751.21,57952.48,57650.29,57897.48,2021,12,47295.23147521297
29-December-2021,57892.31,58097.07,57684.58,57806.49,2021,12,47293.23459498619
30-December-2021,57755.4,58010.03,57578.99,57794.32,2021,12,47291.237844186144
31-December-2021,57849.76,58409.3,57846.52,58253.82,2021,12,47289.241220921715
3-January-2022,58310.09,59266.39,58306.45,59183.22,2022,1,47287.24472500325
4-January-2022,59343.79,59937.33,59084.4,59855.93,2022,1,47285.24835715865
5-January-2022,59921.98,60332.72,59661.38,60223.15,2022,1,47283.25211842417
6-January-2022,59731.75,59781.86,59290.58,59601.84,2022,1,47281.25600788333
7-January-2022,59776.1,60130.18,59401.44,59744.65,2022,1,47279.260024434625
10-January-2022,60070.39,60427.36,59987.18,60395.63,2022,1,47277.26416915474
11-January-2022,60342.7,60689.25,60281.52,60616.89,2022,1,47275.26844253211
12-January-2022,61014.37,61218.19,60850.93,61150.04,2022,1,47273.272844179075
13-January-2022,61259.99,61348.57,60949.81,61235.3,2022,1,47271.27737339355
14-January-2022,61040.32,61324.59,60757.03,61223.03,2022,1,47269.28203029405
17-January-2022,61219.64,61385.48,61107.6,61308.91,2022,1,47267.28681582795
18-January-2022,61430.77,61475.15,60662.57,60754.86,2022,1,47265.291729604796
19-January-2022,60845.59,60870.17,59949.22,60098.82,2022,1,47263.29677103794
20-January-2022,60045.48,60045.48,59068.31,59464.62,2022,1,47261.301940273945
21-January-2022,59039.37,59329.63,58620.93,59037.18,2022,1,47259.307237713736
24-January-2022,59023.97,59023.97,56984.01,57491.51,2022,1,47257.31266351799
25-January-2022,57158.63,57966.93,56409.63,57858.15,2022,1,47255.318217081316
27-January-2022,57317.38,57508.61,56439.36,57276.94,2022,1,47253.32389834673
28-January-2022,57795.11,58084.33,57119.28,57200.23,2022,1,47251.32970778156
31-January-2022,57845.91,58257.63,57746.15,58014.17,2022,1,47249.33564538359
1-February-2022,58672.86,59032.2,57737.66,58862.57,2022,2,47247.34171091043
2-February-2022,59293.44,59618.51,59193.05,59558.33,2022,2,47245.34790414432
3-February-2022,59528.16,59557.87,58653.94,58788.02,2022,2,47243.35422535355
4-February-2022,58918.65,58943.62,58446.95,58644.82,2022,2,47241.36067474604
7-February-2022,58549.67,58707.76,57299.05,57621.19,2022,2,47239.36725202077
8-February-2022,57799.67,57925.82,57058.77,57808.58,2022,2,47237.37395706597
9-February-2022,58163.01,58507.61,58105.18,58465.97,2022,2,47235.38079000313
10-February-2022,58810.53,59060.24,58332.28,58926.03,2022,2,47233.38775098693
11-February-2022,58447.15,58447.15,57914.1,58152.92,2022,2,47231.394839930836
14-February-2022,56720.32,57191.91,56295.7,56405.84,2022,2,47229.4020566104
15-February-2022,56731.56,58211.38,56438.47,58142.05,2022,2,47227.40940114025
16-February-2022,58310.68,58569.22,57780.28,57996.68,2022,2,47225.41687364767
17-February-2022,58217.69,58346.0,57635.43,57892.01,2022,2,47223.42447406471
18-February-2022,57488.39,58175.35,57488.39,57832.97,2022,2,47221.432202274584
21-February-2022,57551.65,58141.96,57167.02,57683.59,2022,2,47219.44005825758
22-February-2022,56438.64,57505.85,56394.85,57300.68,2022,2,47217.448042154516
23-February-2022,57632.94,57733.37,57109.24,57232.06,2022,2,47215.45615394586
24-February-2022,55418.45,55996.09,54383.2,54529.91,2022,2,47213.46439350545
25-February-2022,55321.72,56183.7,55299.28,55858.52,2022,2,47211.47276083572
28-February-2022,55329.46,56324.54,54833.5,56247.28,2022,2,47209.48125599681
2-March-2022,55629.3,55755.09,55020.1,55468.9,2022,3,47207.489879017696
3-March-2022,55921.44,55996.62,54931.48,55102.68,2022,3,47205.49862981174
4-March-2022,54653.59,55013.27,53887.72,54333.81,2022,3,47203.507508331924
7-March-2022,53172.51,53203.87,52367.1,52842.75,2022,3,47201.51651464748
8-March-2022,52430.06,53484.26,52260.82,53424.09,2022,3,47199.52564876932
9-March-2022,53793.99,54893.73,53367.52,54647.33,2022,3,47197.53491064872
10-March-2022,56242.47,56242.47,54982.82,55464.39,2022,3,47195.544300241745
11-March-2022,55218.78,55833.95,55049.95,55550.3,2022,3,47193.55381757013
14-March-2022,55614.4,56545.83,55556.47,56486.02,2022,3,47191.56346267276
15-March-2022,56663.87,56720.6,55418.95,55776.85,2022,3,47189.5732355045
16-March-2022,56555.33,56860.89,56389.26,56816.65,2022,3,47187.58313602654
17-March-2022,57620.28,58095.84,57518.06,57863.93,2022,3,47185.59316425118
21-March-2022,58030.41,58127.95,57229.08,57292.49,2022,3,47183.60332019732
22-March-2022,57297.57,58052.87,56930.3,57989.3,2022,3,47181.61360385212
23-March-2022,58198.64,58416.56,57568.59,57684.82,2022,3,47179.62401517139
24-March-2022,57190.05,57827.99,57138.51,57595.68,2022,3,47177.63455415548
25-March-2022,57801.72,57845.37,57100.24,57362.2,2022,3,47175.64522082488
28-March-2022,57472.72,57638.34,56825.09,57593.49,2022,3,47173.65601516522
29-March-2022,57814.76,58001.53,57639.35,57943.65,2022,3,47171.666937149625
30-March-2022,58362.85,58727.78,58176.0,58683.99,2022,3,47169.67798676479
31-March-2022,58779.71,58890.92,58485.79,58568.51,2022,3,47167.68916402364
1-April-2022,58530.73,59396.62,58450.04,59276.69,2022,4,47165.70046892379
4-April-2022,59764.13,60845.1,59760.22,60611.74,2022,4,47163.71190143694
5-April-2022,60786.07,60786.07,60067.18,60176.5,2022,4,47161.72346155219
6-April-2022,59815.71,59941.57,59509.84,59610.41,2022,4,47159.735149273285
7-April-2022,59402.61,59504.92,58977.35,59034.95,2022,4,47157.74696459916
8-April-2022,59256.97,59654.44,58876.36,59447.18,2022,4,47155.75890751199
11-April-2022,59333.18,59355.76,58894.4,58964.57,2022,4,47153.770977993845
12-April-2022,58743.5,58794.78,58298.57,58576.37,2022,4,47151.78317604708
13-April-2022,58910.74,59003.82,58291.23,58338.93,2022,4,47149.79550167018
18-April-2022,57338.58,57420.8,56842.39,57166.74,2022,4,47147.80795484839
19-April-2022,57381.77,57464.08,56009.07,56463.15,2022,4,47145.82053556716
20-April-2022,56741.43,57216.51,56521.33,57037.5,2022,4,47143.83324382128
21-April-2022,57458.6,57991.53,57311.86,57911.68,2022,4,47141.846079610936
22-April-2022,57531.95,57689.86,57134.72,57197.15,2022,4,47139.85904292447
25-April-2022,56757.64,56875.65,56356.87,56579.89,2022,4,47137.872133746874
26-April-2022,57066.24,57442.24,56904.51,57356.61,2022,4,47135.88535207246
27-April-2022,56983.68,57079.03,56584.04,56819.39,2022,4,47133.898697897945
28-April-2022,57296.31,57790.85,56936.94,57521.06,2022,4,47131.912171215256
29-April-2022,57817.51,57975.48,56902.3,57060.87,2022,4,47129.92577201079
2-May-2022,56429.45,57054.23,56412.62,56975.99,2022,5,47127.93950027593
4-May-2022,57124.91,57184.21,55501.6,55669.03,2022,5,47125.95335600757
5-May-2022,56255.07,56566.8,55613.82,55702.23,2022,5,47123.967339197596
6-May-2022,54928.29,55070.12,54586.75,54835.58,2022,5,47121.98144983456
9-May-2022,54188.21,54795.47,53918.02,54470.67,2022,5,47119.99568790898
10-May-2022,54309.31,54857.02,54226.33,54364.85,2022,5,47118.01005341558
11-May-2022,54544.91,54598.55,53519.3,54088.39,2022,5,47116.02454634802
12-May-2022,53608.35,53632.55,52702.3,52930.31,2022,5,47114.03916669516
13-May-2022,53565.74,53785.71,52654.89,52793.62,2022,5,47112.05391444762
16-May-2022,52946.32,53428.28,52632.48,52973.84,2022,5,47110.06878959904
17-May-2022,53285.19,54399.42,53176.02,54318.47,2022,5,47108.08379214272
18-May-2022,54554.89,54786.0,54130.89,54208.53,2022,5,47106.09892206935
19-May-2022,53070.3,53356.04,52669.51,52792.23,2022,5,47104.114179368815
20-May-2022,53513.97,54396.43,53403.29,54326.39,2022,5,47102.12956403421
23-May-2022,54459.95,54931.3,54191.55,54288.61,2022,5,47100.145076058834
24-May-2022,54307.56,54524.37,53886.28,54052.61,2022,5,47098.1607154337
25-May-2022,54254.07,54379.59,53683.16,53749.26,2022,5,47096.17648214944
26-May-2022,53950.84,54346.22,53425.25,54252.53,2022,5,47094.192376198094
27-May-2022,54671.5,54936.63,54449.34,54884.66,2022,5,47092.20839757287
30-May-2022,55507.75,56082.65,55466.3,55925.74,2022,5,47090.224546265425
31-May-2022,55622.01,55925.62,55369.14,55566.41,2022,5,47088.24082226638
1-June-2022,55588.27,55791.49,55091.43,55381.17,2022,6,47086.25722556765
2-June-2022,55382.44,55891.92,55135.11,55818.11,2022,6,47084.27375616199
3-June-2022,56245.6,56432.65,55719.36,55769.23,2022,6,47082.29041404138
6-June-2022,55610.64,55832.28,55295.74,55675.32,2022,6,47080.30719919686
7-June-2022,55373.18,55387.77,54882.41,55107.34,2022,6,47078.32411161995
8-June-2022,55345.51,55423.97,54683.3,54892.49,2022,6,47076.34115130326
9-June-2022,54514.17,55366.84,54507.41,55320.28,2022,6,47074.358318238854
10-June-2022,54760.25,54780.78,54205.99,54303.44,2022,6,47072.37561241803
13-June-2022,53184.61,53207.54,52527.08,52846.7,2022,6,47070.393033832326
14-June-2022,52495.94,53095.32,52459.48,52693.57,2022,6,47068.41058247393
15-June-2022,52650.41,52867.73,52493.36,52541.39,2022,6,47066.42825833511
16-June-2022,53018.91,53142.5,51425.48,51495.79,2022,6,47064.44606140733
17-June-2022,51181.99,51652.83,50921.22,51360.42,2022,6,47062.46399168208
20-June-2022,51470.03,51714.61,51062.93,51597.84,2022,6,47060.482049151455
21-June-2022,51897.6,52799.4,51808.76,52532.07,2022,6,47058.5002338076
22-June-2022,52186.36,52272.85,51739.98,51822.53,2022,6,47056.51854564221
23-June-2022,51972.75,52516.79,51632.85,52265.72,2022,6,47054.536984646824
24-June-2022,52654.24,52909.87,52447.25,52727.98,2022,6,47052.55555081334
27-June-2022,53468.89,53509.5,53120.79,53161.28,2022,6,47050.574244133924
28-June-2022,52846.26,53301.4,52771.53,53177.45,2022,6,47048.59306460032
29-June-2022,52623.15,53244.84,52612.68,53026.97,2022,6,47046.61201220418
30-June-2022,52897.16,53377.54,52883.25,53018.94,2022,6,47044.63108693732
1-July-2022,52863.34,53053.04,52094.25,52907.93,2022,7,47042.65028879175
4-July-2022,52851.67,53301.99,52674.81,53234.77,2022,7,47040.66961775943
5-July-2022,53501.21,53865.93,53054.3,53134.35,2022,7,47038.68907383196
6-July-2022,53170.7,53819.31,53143.28,53750.97,2022,7,47036.70865700115
7-July-2022,54146.68,54254.79,53927.26,54178.46,2022,7,47034.72836725899
8-July-2022,54574.43,54627.14,54278.77,54481.84,2022,7,47032.7482045974
11-July-2022,54248.6,54527.9,54090.53,54395.23,2022,7,47030.76816900808
12-July-2022,54219.78,54236.49,53824.97,53886.61,2022,7,47028.78826048284
13-July-2022,54210.1,54211.22,53455.26,53514.15,2022,7,47026.80847901359
14-July-2022,53688.62,53861.28,53163.77,53416.15,2022,7,47024.828824592245
15-July-2022,53637.88,53811.37,53361.62,53760.78,2022,7,47022.84929721064
18-July-2022,54069.3,54556.66,54034.97,54521.15,2022,7,47020.86989686046
19-July-2022,54251.88,54817.52,54232.82,54767.62,2022,7,47018.890623533676
20-July-2022,55486.12,55630.26,55298.23,55397.53,2022,7,47016.91147722217
21-July-2022,55391.93,55738.49,55270.75,55681.95,2022,7,47014.93245791776
22-July-2022,55800.84,56186.05,55685.45,56072.23,2022,7,47012.95356561226
25-July-2022,55877.5,56018.09,55537.08,55766.22,2022,7,47010.9748002975
26-July-2022,55834.38,55834.38,55203.43,55268.49,2022,7,47008.99616196541
27-July-2022,55258.29,55853.09,55157.99,55816.32,2022,7,47007.01765060786
28-July-2022,56267.55,56914.22,56236.45,56857.79,2022,7,47005.03926621657
29-July-2022,57258.13,57619.27,57104.81,57570.25,2022,7,47003.06100878348
1-August-2022,57823.1,58170.67,57540.36,58115.5,2022,8,47001.082878300425
2-August-2022,58049.02,58328.41,57744.7,58136.36,2022,8,46999.104874759316
3-August-2022,58174.11,58415.63,57788.78,58350.53,2022,8,46997.12699815192
4-August-2022,58571.28,58712.66,57577.05,58298.8,2022,8,46995.14924847011
5-August-2022,58421.04,58649.19,58244.86,58387.93,2022,8,46993.17162570578
8-August-2022,58417.71,58934.9,58266.65,58853.07,2022,8,46991.19412985075
10-August-2022,58977.34,58984.32,58583.36,58817.29,2022,8,46989.21676089692
11-August-2022,59320.45,59484.99,59251.14,59332.6,2022,8,46987.23951883606
12-August-2022,59235.98,59538.08,59113.01,59462.78,2022,8,46985.26240366011
16-August-2022,59675.12,59923.03,59673.96,59842.21,2022,8,46983.28541536092
17-August-2022,59938.05,60323.25,59857.8,60260.13,2022,8,46981.3085539303
18-August-2022,60080.19,60341.41,59946.44,60298.0,2022,8,46979.33181936015
19-August-2022,60351.23,60411.2,59474.57,59646.15,2022,8,46977.3552116423
22-August-2022,59361.08,59402.5,58705.11,58773.87,2022,8,46975.37873076863
23-August-2022,58205.97,59199.11,58172.48,59031.3,2022,8,46973.40237673102
24-August-2022,58853.32,59170.87,58760.09,59085.43,2022,8,46971.42614952127
25-August-2022,59315.98,59484.35,58666.41,58774.72,2022,8,46969.45004913128
26-August-2022,59050.67,59321.65,58722.69,58833.87,2022,8,46967.474075552935
29-August-2022,57367.47,58208.3,57367.47,57972.62,2022,8,46965.49822877805
30-August-2022,58259.85,59599.78,58245.49,59537.07,2022,8,46963.5225087985
1-September-2022,58710.53,59309.79,58522.57,58766.59,2022,9,46961.546915606166
2-September-2022,58969.02,59108.66,58558.64,58803.33,2022,9,46959.57144919291
5-September-2022,58814.08,59308.25,58812.2,59245.98,2022,9,46957.596109550585
6-September-2022,59285.36,59566.67,58974.26,59196.99,2022,9,46955.62089667105
7-September-2022,58789.26,59166.46,58722.89,59028.91,2022,9,46953.64581054617
8-September-2022,59374.99,59711.96,59315.71,59688.22,2022,9,46951.670851167844
9-September-2022,60045.75,60119.8,59634.39,59793.14,2022,9,46949.69601852791
12-September-2022,59912.29,60284.55,59912.29,60115.13,2022,9,46947.72131261821
13-September-2022,60408.29,60635.28,60381.02,60571.08,2022,9,46945.74673343067
14-September-2022,59417.12,60649.04,59417.12,60346.97,2022,9,46943.77228095713
15-September-2022,60454.37,60676.12,59865.75,59934.01,2022,9,46941.79795518943
16-September-2022,59585.72,59720.56,58687.17,58840.79,2022,9,46939.823756119484
19-September-2022,58747.31,59277.55,58487.76,59141.23,2022,9,46937.84968373914
20-September-2022,59556.91,60105.79,59556.91,59719.74,2022,9,46935.87573804028
21-September-2022,59504.14,59799.04,59275.4,59456.78,2022,9,46933.90191901475
22-September-2022,59073.84,59457.58,58832.78,59119.72,2022,9,46931.92822665445
23-September-2022,59005.18,59143.32,57981.95,58098.92,2022,9,46929.954660951225
26-September-2022,57525.03,57708.38,57038.24,57145.22,2022,9,46927.98122189698
27-September-2022,57376.52,57704.57,56950.52,57107.52,2022,9,46926.007909483546
28-September-2022,56710.13,57213.33,56485.67,56598.28,2022,9,46924.03472370282
29-September-2022,56997.9,57166.14,56314.05,56409.96,2022,9,46922.0616645467
30-September-2022,56240.15,57722.63,56147.23,57426.92,2022,9,46920.08873200701
3-October-2022,57403.92,57454.84,56683.4,56788.81,2022,10,46918.115926075654
4-October-2022,57506.65,58099.94,57506.65,58065.47,2022,10,46916.1432467445
6-October-2022,58314.05,58578.76,58173.7,58222.1,2022,10,46914.170694005414
7-October-2022,58092.56,58269.34,57851.15,58191.29,2022,10,46912.19826785032
10-October-2022,57424.07,58125.01,57365.68,57991.11,2022,10,46910.225968271014
11-October-2022,58004.25,58027.52,57050.4,57147.32,2022,10,46908.25379525944
12-October-2022,57312.49,57687.64,57085.92,57625.91,2022,10,46906.28174880745
13-October-2022,57512.74,57568.14,57055.75,57235.33,2022,10,46904.30982890693
14-October-2022,58162.74,58435.12,57848.23,57919.97,2022,10,46902.33803554975
17-October-2022,57752.5,58449.0,57639.8,58410.98,2022,10,46900.36636872781
18-October-2022,58744.13,59143.66,58744.13,58960.6,2022,10,46898.39482843294
19-October-2022,59196.96,59399.69,58961.77,59107.19,2022,10,46896.42341465709
20-October-2022,58824.48,59273.85,58791.28,59202.9,2022,10,46894.45212739209
21-October-2022,59381.36,59590.93,59132.94,59307.15,2022,10,46892.48096662983
24-October-2022,59804.02,59994.25,59776.66,59831.66,2022,10,46890.509932362205
25-October-2022,60002.96,60081.24,59489.02,59543.96,2022,10,46888.53902458109
27-October-2022,59792.32,59959.94,59496.8,59756.84,2022,10,46886.56824327839
28-October-2022,59746.8,60133.17,59739.05,59959.85,2022,10,46884.59758844593
31-October-2022,60246.96,60786.7,60246.96,60746.59,2022,10,46882.627060075654
1-November-2022,61065.58,61289.73,60868.69,61121.35,2022,11,46880.65665815942
2-November-2022,61156.89,61209.65,60794.39,60906.09,2022,11,46878.68638268913
3-November-2022,60511.57,60994.37,60485.14,60836.41,2022,11,46876.71623365665
4-November-2022,60698.27,61004.49,60666.01,60950.36,2022,11,46874.74621105385
7-November-2022,61188.13,61401.54,60714.36,61185.15,2022,11,46872.77631487268
9-November-2022,61304.29,61447.23,60905.15,61033.55,2022,11,46870.806545104955
10-November-2022,60524.27,60848.73,60425.47,60613.7,2022,11,46868.836901742616
11-November-2022,61311.02,61840.97,61311.02,61795.04,2022,11,46866.86738477752
14-November-2022,61765.86,61916.24,61572.03,61624.15,2022,11,46864.89799420156
15-November-2022,61630.05,61955.96,61436.9,61872.99,2022,11,46862.92873000664
16-November-2022,61708.63,62052.57,61708.63,61980.72,2022,11,46860.95959218464
17-November-2022,61812.36,62050.8,61643.27,61750.6,2022,11,46858.99058072745
18-November-2022,61858.2,61929.88,61337.43,61663.48,2022,11,46857.02169562697
21-November-2022,61456.33,61456.33,61059.33,61144.84,2022,11,46855.05293687506
22-November-2022,61126.56,61466.63,61073.68,61418.96,2022,11,46853.08430446368
23-November-2022,61779.71,61780.9,61442.69,61510.58,2022,11,46851.115798384635
24-November-2022,61656.0,62412.33,61600.42,62272.68,2022,11,46849.147418629866
25-November-2022,62327.88,62447.73,62115.66,62293.64,2022,11,46847.17916519129
28-November-2022,62016.35,62701.4,61959.74,62504.8,2022,11,46845.21103806072
29-November-2022,62362.08,62887.4,62362.08,62681.84,2022,11,46843.243037230175
30-November-2022,62743.47,63303.01,62648.38,63099.65,2022,11,46841.275162691425
1-December-2022,63357.99,63583.07,63183.77,63284.19,2022,12,46839.30741443641
2-December-2022,62978.58,63148.59,62679.63,62868.5,2022,12,46837.339792457096
5-December-2022,62865.28,62939.63,62507.88,62834.6,2022,12,46835.37229674524
6-December-2022,62395.55,62677.84,62390.07,62626.36,2022,12,46833.404927292875
7-December-2022,62615.52,62759.97,62316.65,62410.68,2022,12,46831.43768409181
8-December-2022,62504.04,62633.56,62320.18,62570.68,2022,12,46829.470567133976
9-December-2022,62690.86,62735.42,61889.11,62181.67,2022,12,46827.503576411305
12-December-2022,61770.56,62239.42,61676.15,62130.57,2022,12,46825.53671191559
13-December-2022,62300.67,62567.92,62129.57,62533.3,2022,12,46823.56997363886
14-December-2022,62685.94,62835.11,62591.28,62677.91,2022,12,46821.60336157295
15-December-2022,62530.07,62624.81,61715.61,61799.03,2022,12,46819.63687570974
16-December-2022,61534.24,61893.22,61292.53,61337.81,2022,12,46817.67051604119
19-December-2022,61405.8,61844.92,61265.31,61806.19,2022,12,46815.70428255913
20-December-2022,61608.85,61780.37,61102.68,61702.29,2022,12,46813.73817525554
21-December-2022,61993.71,62006.46,60938.38,61067.24,2022,12,46811.77219412228
22-December-2022,61257.17,61464.38,60637.24,60826.22,2022,12,46809.806339151226
23-December-2022,60205.56,60546.88,59765.56,59845.29,2022,12,46807.840610334344
26-December-2022,59755.08,60833.78,59754.1,60566.42,2022,12,46805.8750076635
27-December-2022,60861.41,60986.68,60405.66,60927.43,2022,12,46803.90953113062
28-December-2022,60811.52,61075.33,60713.77,60910.28,2022,12,46801.94418072757
29-December-2022,60628.29,61210.65,60479.06,61133.88,2022,12,46799.9789564463
30-December-2022,61329.16,61392.68,60743.71,60840.74,2022,12,46798.0138582787
2-January-2023,60871.24,61222.79,60764.63,61167.79,2023,1,46796.04888621667
3-January-2023,61074.88,61343.96,61004.04,61294.2,2023,1,46794.08404025214
4-January-2023,61294.65,61327.21,60593.56,60657.45,2023,1,46792.11932037696
5-January-2023,60847.5,60877.06,60049.84,60353.27,2023,1,46790.1547265831
6-January-2023,60388.74,60537.63,59669.91,59900.37,2023,1,46788.19025886249
9-January-2023,60147.07,60889.41,60109.94,60747.31,2023,1,46786.22591720696
10-January-2023,60805.14,60809.65,59938.38,60115.48,2023,1,46784.26170160845
11-January-2023,60134.56,60364.77,59805.78,60105.5,2023,1,46782.29761205889
12-January-2023,60083.03,60290.35,59632.32,59958.03,2023,1,46780.333648550186
13-January-2023,60044.96,60418.26,59628.43,60261.18,2023,1,46778.369811074255
16-January-2023,60550.5,60586.77,59963.83,60092.97,2023,1,46776.40609962297
17-January-2023,60142.08,60704.48,60072.34,60655.72,2023,1,46774.442514188275
18-January-2023,60716.03,61110.25,60569.19,61045.74,2023,1,46772.4790547621
19-January-2023,60920.02,61032.47,60716.55,60858.43,2023,1,46770.51572133634
20-January-2023,60901.16,61001.18,60585.25,60621.77,2023,1,46768.55251390288
23-January-2023,60876.01,61113.27,60761.88,60941.67,2023,1,46766.58943245368
24-January-2023,61122.2,61266.06,60849.12,60978.75,2023,1,46764.62647698065
25-January-2023,60834.73,60899.21,60081.36,60205.06,2023,1,46762.66364747566
27-January-2023,60166.9,60166.9,58974.7,59330.9,2023,1,46760.70094393069
30-January-2023,59101.69,59644.24,58699.2,59500.41,2023,1,46758.738366337624
31-January-2023,59770.83,59787.63,59104.59,59549.9,2023,1,46756.77591468835
1-February-2023,60001.17,60773.44,58816.84,59708.08,2023,2,46754.813588974874
2-February-2023,59459.87,60007.67,59215.62,59932.24,2023,2,46752.851389189
3-February-2023,60350.01,60905.34,60013.06,60841.88,2023,2,46750.88931532274
6-February-2023,60847.21,60847.21,60345.61,60506.9,2023,2,46748.927367367985
7-February-2023,60511.32,60655.14,60063.49,60286.04,2023,2,46746.96554531661
8-February-2023,60332.99,60792.1,60324.92,60663.79,2023,2,46745.00384916062
9-February-2023,60715.89,60863.63,60472.81,60806.22,2023,2,46743.04227889185
10-February-2023,60706.81,60774.14,60501.74,60682.7,2023,2,46741.08083450229
13-February-2023,60652.82,60740.95,60245.05,60431.84,2023,2,46739.11951598382
14-February-2023,60550.25,61102.74,60550.25,61032.26,2023,2,46737.15832332837
15-February-2023,60990.05,61352.55,60750.32,61275.09,2023,2,46735.19725652788
16-February-2023,61566.22,61682.25,61196.72,61319.51,2023,2,46733.23631557427
17-February-2023,60993.54,61302.72,60810.67,61002.57,2023,2,46731.27550045943
20-February-2023,61112.84,61290.19,60607.02,60691.54,2023,2,46729.314811175325
21-February-2023,60770.43,60976.59,60583.72,60672.72,2023,2,46727.35424771388
22-February-2023,60391.86,60462.9,59681.55,59744.98,2023,2,46725.39381006698
23-February-2023,59777.64,59960.04,59406.31,59605.8,2023,2,46723.43349822661
24-February-2023,59859.48,59908.77,59325.34,59463.93,2023,2,46721.47331218464
27-February-2023,59331.31,59441.13,58937.64,59288.35,2023,2,46719.513251933015
28-February-2023,59346.61,59483.72,58795.97,58962.12,2023,2,46717.5533174637
1-March-2023,59136.48,59475.45,59109.54,59411.08,2023,3,46715.593508768565
2-March-2023,59287.18,59423.79,58866.26,58909.35,2023,3,46713.6338258396
3-March-2023,59241.2,59967.04,59231.58,59808.97,2023,3,46711.67426866865
6-March-2023,60007.04,60498.48,60005.65,60224.46,2023,3,46709.71483724774
8-March-2023,59916.1,60402.85,59844.82,60348.09,2023,3,46707.75553156875
9-March-2023,60467.09,60467.09,59750.53,59806.28,2023,3,46705.79635162358
10-March-2023,59259.83,59262.47,58884.98,59135.13,2023,3,46703.83729740424
13-March-2023,59033.77,59510.92,58094.55,58237.85,2023,3,46701.878368902595
14-March-2023,58168.75,58490.98,57721.16,57900.19,2023,3,46699.91956611062
15-March-2023,58268.54,58473.63,57455.67,57555.9,2023,3,46697.96088902023
16-March-2023,57510.8,57887.46,57158.69,57634.84,2023,3,46696.00233762332
17-March-2023,58038.17,58178.94,57503.9,57989.9,2023,3,46694.043911911904
20-March-2023,57773.55,57829.23,57084.91,57628.95,2023,3,46692.085611877876
21-March-2023,57963.27,58133.33,57730.09,58074.68,2023,3,46690.12743751315
22-March-2023,58245.26,58418.78,58063.5,58214.59,2023,3,46688.16938880969
23-March-2023,58061.41,58396.17,57838.85,57925.28,2023,3,46686.2114657594
24-March-2023,57890.66,58066.4,57422.98,57527.1,2023,3,46684.253668354264
27-March-2023,57566.9,58019.55,57415.02,57653.86,2023,3,46682.2959965862
28-March-2023,57751.5,57949.45,57494.91,57613.72,2023,3,46680.338450447125
29-March-2023,57572.08,58124.2,57524.32,57960.09,2023,3,46678.381029929005
31-March-2023,58273.86,59068.47,58273.86,58991.52,2023,3,46676.423735023745
3-April-2023,59131.16,59204.82,58793.08,59106.44,2023,4,46674.466565723334
5-April-2023,59094.71,59747.12,59094.4,59689.31,2023,4,46672.509522019674
6-April-2023,59627.01,59950.06,59520.12,59832.97,2023,4,46670.55260390468
10-April-2023,59858.98,60109.11,59766.23,59846.51,2023,4,46668.595811370375
11-April-2023,60028.6,60267.68,59919.88,60157.72,2023,4,46666.63914440862
12-April-2023,60180.2,60437.64,60094.69,60392.77,2023,4,46664.682603011395
13-April-2023,60364.41,60486.91,60081.43,60431.0,2023,4,46662.72618717065
17-April-2023,60385.9,60407.86,59442.47,59910.75,2023,4,46660.769896878286
18-April-2023,59991.26,60113.47,59579.3,59727.01,2023,4,46658.81373212629
19-April-2023,59745.89,59745.89,59452.72,59567.8,2023,4,46656.85769290659
20-April-2023,59586.61,59836.79,59489.98,59632.35,2023,4,46654.901779211126
21-April-2023,59538.79,59781.36,59412.81,59655.06,2023,4,46652.94599103185
24-April-2023,59873.71,60101.64,59620.11,60056.1,2023,4,46650.99032836069
25-April-2023,60202.77,60268.67,59967.02,60130.71,2023,4,46649.03479118962
26-April-2023,60087.98,60362.79,59954.91,60300.58,2023,4,46647.07937951057
27-April-2023,60315.56,60698.31,60271.49,60649.38,2023,4,46645.12409331548
28-April-2023,60721.61,61209.46,60507.83,61112.44,2023,4,46643.1689325963
2-May-2023,61301.61,61486.24,61255.0,61354.71,2023,5,46641.213897345006
3-May-2023,61274.96,61274.96,61024.44,61193.3,2023,5,46639.258987553505
4-May-2023,61258.13,61797.91,61119.56,61749.25,2023,5,46637.30420321377
5-May-2023,61163.1,61585.5,61002.17,61054.29,2023,5,46635.349544317745
8-May-2023,61166.09,61854.19,61166.09,61764.25,2023,5,46633.395010857384
9-May-2023,61879.68,62027.51,61654.94,61761.33,2023,5,46631.44060282463
10-May-2023,61843.36,61974.35,61572.93,61940.2,2023,5,46629.48632021144
11-May-2023,62158.1,62168.22,61823.07,61904.52,2023,5,46627.53216300976
12-May-2023,61857.69,62110.93,61578.15,62027.9,2023,5,46625.57813121154
15-May-2023,62157.1,62562.67,61950.3,62345.71,2023,5,46623.62422480875
16-May-2023,62474.11,62475.95,61847.41,61932.47,2023,5,46621.67044379334
17-May-2023,61932.32,61979.94,61340.1,61560.64,2023,5,46619.71678815722
18-May-2023,61937.86,61955.9,61349.34,61431.74,2023,5,46617.763257892395
19-May-2023,61556.25,61784.61,61251.7,61729.68,2023,5,46615.80985299082
22-May-2023,61579.78,62044.46,61579.78,61963.68,2023,5,46613.85657344441
23-May-2023,62098.16,62245.19,61914.4,61981.79,2023,5,46611.90341924515
24-May-2023,61834.28,62154.14,61708.1,61773.78,2023,5,46609.95039038498
25-May-2023,61706.13,61934.01,61484.66,61872.62,2023,5,46607.99748685588
26-May-2023,61985.36,62529.83,61911.61,62501.69,2023,5,46606.04470864981
29-May-2023,62801.54,63026.0,62801.54,62846.38,2023,5,46604.09205575869
30-May-2023,62839.85,63036.12,62737.4,62969.13,2023,5,46602.13952817449
31-May-2023,62839.97,62876.77,62401.02,62622.24,2023,5,46600.187125889206
1-June-2023,62736.47,62762.41,62359.14,62428.54,2023,6,46598.23484889474
2-June-2023,62601.97,62719.84,62379.86,62547.11,2023,6,46596.2826971831
5-June-2023,62759.19,62943.2,62751.72,62787.47,2023,6,46594.330670746225
6-June-2023,62738.35,62867.95,62554.21,62792.88,2023,6,46592.37876957606
7-June-2023,62917.39,63196.43,62841.95,63142.96,2023,6,46590.426993664616
8-June-2023,63140.17,63321.4,62789.73,62848.64,2023,6,46588.4753430038
9-June-2023,62810.68,62992.16,62594.74,62625.63,2023,6,46586.52381758561
12-June-2023,62659.98,62804.89,62615.2,62724.71,2023,6,46584.572417402
13-June-2023,62779.14,63177.47,62777.04,63143.16,2023,6,46582.62114244489
14-June-2023,63115.48,63274.03,63013.51,63228.51,2023,6,46580.66999270635
15-June-2023,63153.78,63310.96,62871.08,62917.63,2023,6,46578.71896817823
16-June-2023,62960.73,63520.36,62957.17,63384.58,2023,6,46576.76806885256
19-June-2023,63474.21,63574.69,63047.83,63168.3,2023,6,46574.817294721295
20-June-2023,63176.77,63440.19,62801.91,63327.7,2023,6,46572.86664577636
21-June-2023,63467.46,63588.31,63315.62,63523.15,2023,6,46570.91612200982
22-June-2023,63601.71,63601.71,63200.63,63238.89,2023,6,46568.965723413516
23-June-2023,63124.28,63240.63,62874.12,62979.37,2023,6,46567.01544997949
26-June-2023,62946.5,63136.09,62853.67,62970.0,2023,6,46565.065301699724
27-June-2023,63151.85,63467.54,63054.84,63416.03,2023,6,46563.11527856613
28-June-2023,63701.78,64050.44,63554.82,63915.42,2023,6,46561.16538057073
30-June-2023,64068.44,64768.58,64068.44,64718.56,2023,6,46559.21560770546
3-July-2023,64836.16,65300.35,64836.16,65205.05,2023,7,46557.265959962286
4-July-2023,65503.85,65672.97,65171.06,65479.05,2023,7,46555.316437333226
5-July-2023,65493.68,65584.33,65256.49,65446.04,2023,7,46553.3670398102
6-July-2023,65391.88,65832.98,65328.29,65785.64,2023,7,46551.417767385195
7-July-2023,65559.41,65898.98,65175.74,65280.45,2023,7,46549.4686200502
10-July-2023,65482.33,65633.49,65246.4,65344.17,2023,7,46547.51959779714
11-July-2023,65598.65,65870.59,65517.57,65617.84,2023,7,46545.57070061807
12-July-2023,65759.28,65811.64,65320.25,65393.9,2023,7,46543.62192850489
13-July-2023,65667.07,66064.21,65452.15,65558.89,2023,7,46541.67328144958
14-July-2023,65775.49,66159.79,65610.82,66060.9,2023,7,46539.72475944416
17-July-2023,66148.18,66656.21,66015.63,66589.93,2023,7,46537.77636248059
18-July-2023,66828.96,67007.02,66574.47,66795.14,2023,7,46535.8280905508
19-July-2023,66905.01,67171.38,66703.61,67097.44,2023,7,46533.87994364682
20-July-2023,67074.34,67619.17,66831.38,67571.9,2023,7,46531.931921760624
21-July-2023,66907.07,67190.52,66533.74,66684.26,2023,7,46529.98402488415
24-July-2023,66629.14,66808.56,66326.25,66384.78,2023,7,46528.036253009406
25-July-2023,66531.2,66559.29,66177.62,66355.71,2023,7,46526.08860612837
26-July-2023,66434.72,66897.27,66431.34,66707.2,2023,7,46524.14108423301
27-July-2023,66834.12,66984.17,66060.74,66266.82,2023,7,46522.19368731532
28-July-2023,66266.35,66351.22,65878.65,66160.2,2023,7,46520.24641536724
31-July-2023,66156.39,66598.42,65998.9,66527.67,2023,7,46518.29926838081
1-August-2023,66532.98,66658.12,66388.26,66459.31,2023,8,46516.352246347975
2-August-2023,66064.41,66261.97,65431.68,65782.78,2023,8,46514.4053492607
3-August-2023,65550.82,65820.82,64963.08,65240.68,2023,8,46512.458577111036
4-August-2023,65453.55,65799.27,65387.18,65721.25,2023,8,46510.511929890854
7-August-2023,65811.4,66067.9,65748.25,65953.48,2023,8,46508.56540759226
8-August-2023,66048.81,66057.53,65752.63,65846.5,2023,8,46506.619010207156
9-August-2023,65810.96,66066.01,65444.38,65995.81,2023,8,46504.67273772754
10-August-2023,65945.39,65956.25,65509.14,65688.18,2023,8,46502.72659014542
11-August-2023,65727.8,65727.8,65274.61,65322.65,2023,8,46500.78056745275
14-August-2023,65153.02,65517.82,64821.88,65401.92,2023,8,46498.834669641554
16-August-2023,65238.67,65605.74,65032.89,65539.42,2023,8,46496.8888967038
17-August-2023,65503.85,65535.14,65046.1,65151.02,2023,8,46494.943248631425
18-August-2023,65025.71,65175.32,64754.72,64948.66,2023,8,46492.997725416506
21-August-2023,64852.7,65335.82,64852.7,65216.09,2023,8,46491.05232705097
22-August-2023,65272.42,65362.91,65165.45,65220.03,2023,8,46489.10705352683
23-August-2023,65300.93,65504.71,65108.51,65433.3,2023,8,46487.161904836066
24-August-2023,65722.51,65913.77,65181.94,65252.34,2023,8,46485.21688097064
25-August-2023,65000.67,65106.0,64732.57,64886.51,2023,8,46483.2719819226
28-August-2023,64908.08,65213.45,64776.92,64996.6,2023,8,46481.327207683906
29-August-2023,65201.35,65229.03,64956.67,65075.82,2023,8,46479.382558246514
30-August-2023,65311.58,65458.7,65052.74,65087.25,2023,8,46477.43803360248
31-August-2023,65178.33,65277.04,64723.63,64831.41,2023,8,46475.493633743754
1-September-2023,64855.51,65473.27,64818.37,65387.16,2023,9,46473.54935866234
4-September-2023,65525.91,65683.91,65285.56,65628.14,2023,9,46471.60520835023
5-September-2023,65671.6,65831.7,65601.47,65780.26,2023,9,46469.661182799406
6-September-2023,65744.19,65971.13,65488.03,65880.52,2023,9,46467.71728200189
7-September-2023,65854.25,66296.9,65672.34,66265.56,2023,9,46465.77350594964
8-September-2023,66381.43,66766.92,66299.3,66598.91,2023,9,46463.829854634685
11-September-2023,66807.73,67172.13,66735.84,67127.08,2023,9,46461.886328049
12-September-2023,67506.88,67539.1,66948.18,67221.13,2023,9,46459.94292618457
13-September-2023,67188.64,67565.41,67053.36,67466.99,2023,9,46457.99964903343
14-September-2023,67627.03,67771.05,67336.46,67519.0,2023,9,46456.05649658753
15-September-2023,67659.91,67927.23,67614.42,67838.63,2023,9,46454.11346883892
18-September-2023,67665.58,67803.15,67532.83,67596.84,2023,9,46452.17056577954
20-September-2023,67080.18,67294.16,66728.14,66800.84,2023,9,46450.22778740142
21-September-2023,66608.67,66608.67,66128.71,66230.24,2023,9,46448.28513369659
22-September-2023,66215.04,66445.47,65952.83,66009.15,2023,9,46446.342604656966
25-September-2023,66082.99,66225.63,65764.03,66023.69,2023,9,46444.400200274635
26-September-2023,66071.63,66078.26,65865.63,65945.47,2023,9,46442.45792054152
27-September-2023,65925.64,66172.27,65549.96,66118.69,2023,9,46440.515765449694
28-September-2023,66406.01,66406.01,65423.39,65508.32,2023,9,46438.57373499115
29-September-2023,65743.93,66151.65,65570.38,65828.41,2023,9,46436.6318291578
3-October-2023,65813.42,65813.5,65344.59,65512.1,2023,10,46434.69004794175
4-October-2023,65330.65,65332.52,64878.77,65226.04,2023,10,46432.748391334964
5-October-2023,65598.26,65753.2,65443.34,65631.57,2023,10,46430.80685932945
6-October-2023,65867.54,66095.81,65762.33,65995.63,2023,10,46428.86545191721
9-October-2023,65560.07,65789.98,65434.61,65512.39,2023,10,46426.924169090205
10-October-2023,65662.27,66180.17,65662.27,66079.36,2023,10,46424.983010840544
11-October-2023,66376.42,66592.16,66299.79,66473.05,2023,10,46423.04197716015
12-October-2023,66564.57,66577.6,66339.42,66408.39,2023,10,46421.10106804102
13-October-2023,66034.21,66478.9,65895.41,66282.74,2023,10,46419.16028347523
16-October-2023,66238.15,66342.75,66039.38,66166.93,2023,10,46417.21962345472
17-October-2023,66558.15,66559.82,66309.18,66428.09,2023,10,46415.27908797155
18-October-2023,66473.74,66475.27,65842.1,65877.02,2023,10,46413.33867701769
19-October-2023,65484.61,65869.65,65343.5,65629.24,2023,10,46411.39839058514
20-October-2023,65437.07,65555.14,65308.61,65397.62,2023,10,46409.45822866597
23-October-2023,65419.02,65453.92,64502.68,64571.88,2023,10,46407.51819125212
25-October-2023,64619.27,64787.08,63912.16,64049.06,2023,10,46405.578278335655
26-October-2023,63774.16,63774.16,63092.98,63148.15,2023,10,46403.63848990854
27-October-2023,63559.32,63913.13,63393.37,63782.8,2023,10,46401.69882596281
30-October-2023,63885.56,64184.58,63431.45,64112.65,2023,10,46399.759286490495
31-October-2023,64449.65,64452.32,63812.53,63874.93,2023,10,46397.81987148357
1-November-2023,63829.87,63896.05,63550.46,63591.33,2023,11,46395.88058093406
2-November-2023,64033.4,64202.64,63815.35,64080.9,2023,11,46393.941414834
3-November-2023,64444.9,64535.19,64275.39,64363.78,2023,11,46392.00237317537
6-November-2023,64835.23,64992.54,64617.48,64958.69,2023,11,46390.063455950214
7-November-2023,65021.29,65021.29,64638.1,64942.4,2023,11,46388.12466315051
8-November-2023,65101.95,65124.0,64851.06,64975.61,2023,11,46386.18599476832
9-November-2023,65025.32,65046.56,64768.76,64832.2,2023,11,46384.247450795636
10-November-2023,64756.11,65014.06,64580.95,64904.68,2023,11,46382.30903122445
12-November-2023,65418.98,65418.98,65218.6,65259.45,2023,11,46380.37073604683
13-November-2023,65158.31,65176.96,64853.36,64933.87,2023,11,46378.43256525476
15-November-2023,65461.54,65747.65,65373.5,65675.93,2023,11,46376.49451884026
16-November-2023,65665.87,66358.37,65507.02,65982.48,2023,11,46374.55659679536
17-November-2023,65788.79,66037.69,65639.74,65794.73,2023,11,46372.61879911207
20-November-2023,65787.51,65844.01,65547.8,65655.15,2023,11,46370.681125782394
21-November-2023,65860.46,66082.36,65849.17,65930.77,2023,11,46368.743576798406
22-November-2023,65839.62,66063.43,65664.85,66023.24,2023,11,46366.80615215206
23-November-2023,66084.37,66235.24,65980.5,66017.81,2023,11,46364.8688518354
24-November-2023,66000.29,66101.64,65894.05,65970.04,2023,11,46362.93167584048
28-November-2023,66063.72,66256.2,65906.65,66174.2,2023,11,46360.99462415928
29-November-2023,66381.26,66946.28,66374.52,66901.91,2023,11,46359.05769678384
30-November-2023,66963.2,67069.89,66610.35,66988.44,2023,11,46357.12089370619
1-December-2023,67181.15,67564.33,67149.07,67481.19,2023,12,46355.18421491833
4-December-2023,68435.34,68918.22,68274.47,68865.12,2023,12,46353.247660412315
5-December-2023,69168.53,69381.31,68954.88,69296.14,2023,12,46351.311230180145
6-December-2023,69534.93,69744.62,69395.01,69653.73,2023,12,46349.374924213844
7-December-2023,69694.15,69695.33,69320.53,69521.69,2023,12,46347.438742505474
8-December-2023,69666.38,69893.8,69506.12,69825.6,2023,12,46345.50268504701
11-December-2023,69925.63,70057.83,69782.48,69928.53,2023,12,46343.5667518305
12-December-2023,70020.68,70033.64,69443.85,69551.03,2023,12,46341.63094284799
13-December-2023,69648.56,69657.93,69100.56,69584.6,2023,12,46339.69525809148
14-December-2023,70146.09,70602.89,70110.75,70514.2,2023,12,46337.75969755301
15-December-2023,70804.13,71605.76,70655.97,71483.75,2023,12,46335.82426122462
18-December-2023,71437.35,71552.24,71142.29,71315.09,2023,12,46333.8889490983
19-December-2023,71479.28,71623.71,71071.98,71437.19,2023,12,46331.953761166136
20-December-2023,71647.66,71913.07,70302.6,70506.31,2023,12,46330.01869742012
21-December-2023,69920.89,70958.71,69920.39,70865.1,2023,12,46328.083757852284
22-December-2023,71045.65,71259.55,70713.56,71106.96,2023,12,46326.14894245466
26-December-2023,71097.78,71471.29,71012.08,71336.8,2023,12,46324.2142512193
27-December-2023,71492.02,72119.85,71473.65,72038.43,2023,12,46322.27968413823
28-December-2023,72262.67,72484.34,72137.45,72410.38,2023,12,46320.345241203446
29-December-2023,72351.59,72417.01,72082.64,72240.26,2023,12,46318.41092240704
1-January-2024,72218.39,72561.91,72031.23,72271.94,2024,1,46316.476727741
2-January-2024,72332.85,72332.85,71613.74,71892.48,2024,1,46314.54265719738
3-January-2024,71832.62,71862.0,71303.97,71356.6,2024,1,46312.60871076822
4-January-2024,71678.93,71954.79,71546.6,71847.57,2024,1,46310.674888445516
5-January-2024,72016.71,72156.48,71779.83,72026.15,2024,1,46308.74119022137
8-January-2024,72113.25,72181.77,71301.04,71355.22,2024,1,46306.80761608777
9-January-2024,71770.91,72035.47,71307.27,71386.21,2024,1,46304.87416603674
10-January-2024,71383.2,71733.84,71110.98,71657.71,2024,1,46302.940840060386
11-January-2024,71907.75,71999.47,71543.19,71721.18,2024,1,46301.007638150666
12-January-2024,72148.07,72720.96,71982.29,72568.45,2024,1,46299.07456029966
15-January-2024,73049.87,73402.16,72909.0,73327.94,2024,1,46297.14160649943
16-January-2024,73331.95,73427.59,72960.29,73128.77,2024,1,46295.20877674194
17-January-2024,71998.93,72484.8,71429.3,71500.76,2024,1,46293.27607101931
18-January-2024,71018.86,71451.29,70665.5,71186.86,2024,1,46291.34348932354
19-January-2024,71786.74,71895.64,71542.74,71683.23,2024,1,46289.41103164667
20-January-2024,72008.3,72026.26,71312.71,71423.65,2024,1,46287.47869798077
23-January-2024,71868.2,72039.2,70234.55,70370.55,2024,1,46285.54648831783
