Date,Open,High,Low,Close,year,month,cnn_Close_pred
1-January-2021,47785.28,47980.36,47771.15,47868.98,2021,1,59778.3828125
4-January-2021,48109.17,48220.47,47594.47,48176.8,2021,1,71035.046875
5-January-2021,48037.63,48486.24,47903.38,48437.78,2021,1,64926.44921875
6-January-2021,48616.66,48616.66,47864.14,48174.06,2021,1,65157.5234375
7-January-2021,48524.36,48558.34,48037.87,48093.32,2021,1,54383.0390625
8-January-2021,48464.91,48854.34,48365.58,48782.51,2021,1,71315.6796875
11-January-2021,49252.31,49303.79,48956.38,49269.32,2021,1,58037.84375
12-January-2021,49228.26,49569.14,49079.57,49517.11,2021,1,53537.359375
13-January-2021,49763.93,49795.19,49073.85,49492.32,2021,1,56504.8046875
14-January-2021,49432.83,49663.58,49182.37,49584.16,2021,1,51243.7734375
15-January-2021,49656.71,49656.71,48795.79,49034.67,2021,1,48546.75
18-January-2021,49061.22,49122.23,48403.97,48564.27,2021,1,65859.671875
19-January-2021,48900.31,49499.86,48805.54,49398.29,2021,1,65637.8984375
20-January-2021,49508.79,49874.42,49373.68,49792.12,2021,1,49611.265625
21-January-2021,50096.57,50184.01,49398.86,49624.76,2021,1,59030.4453125
22-January-2021,49594.95,49676.88,48832.08,48878.54,2021,1,59878.1171875
25-January-2021,49253.68,49263.15,48274.92,48347.59,2021,1,52555.3203125
27-January-2021,48385.28,48387.25,47269.6,47409.93,2021,1,60672.140625
28-January-2021,46834.57,47172.02,46518.48,46874.36,2021,1,59785.390625
29-January-2021,47423.47,47423.66,46160.46,46285.77,2021,1,71056.1171875
1-February-2021,46617.95,48764.4,46433.65,48600.61,2021,2,48400.22265625
2-February-2021,49193.26,50154.48,49193.26,49797.72,2021,2,65041.5859375
3-February-2021,50231.06,50526.39,49515.88,50255.75,2021,2,55219.53515625
4-February-2021,50212.25,50687.51,49926.45,50614.29,2021,2,54568.38671875
5-February-2021,51031.39,51073.27,50565.29,50731.63,2021,2,61854.8125
8-February-2021,51146.67,51523.38,51146.67,51348.77,2021,2,49072.4609375
9-February-2021,51484.23,51835.86,51193.93,51329.08,2021,2,58842.13671875
10-February-2021,51355.89,51512.86,50846.22,51309.39,2021,2,70551.5859375
11-February-2021,51165.84,51592.45,51157.31,51531.52,2021,2,48659.03515625
12-February-2021,51614.77,51804.58,51260.62,51544.3,2021,2,58726.96484375
15-February-2021,51907.75,52235.97,51886.46,52154.13,2021,2,60397.234375
16-February-2021,52400.03,52516.76,51863.61,52104.17,2021,2,55900.8671875
17-February-2021,51996.94,52078.15,51586.34,51703.83,2021,2,54346.2421875
18-February-2021,51903.96,51903.96,51186.68,51324.69,2021,2,56994.578125
19-February-2021,51238.02,51432.99,50624.33,50889.76,2021,2,69356.203125
22-February-2021,50910.51,50986.03,49617.37,49744.32,2021,2,63797.82421875
23-February-2021,49994.85,50327.31,49659.85,49751.41,2021,2,49981.765625
24-February-2021,49763.94,50881.17,49648.78,50781.69,2021,2,59881.859375
25-February-2021,51207.61,51386.12,50991.76,51039.31,2021,2,51954.796875
26-February-2021,50256.71,50400.31,48890.48,49099.99,2021,2,48342.11328125
1-March-2021,49747.71,50058.42,49440.46,49849.84,2021,3,50659.3828125
2-March-2021,50258.09,50439.82,49807.12,50296.89,2021,3,61016.296875
3-March-2021,50738.21,51539.89,50512.84,51444.65,2021,3,60032.796875
4-March-2021,50812.14,51256.55,50539.92,50846.08,2021,3,55597.14453125
5-March-2021,50517.36,50886.19,50160.54,50405.32,2021,3,61942.5546875
8-March-2021,50654.02,50985.77,50318.26,50441.07,2021,3,61665.0703125
9-March-2021,50714.16,51111.94,50396.1,51025.48,2021,3,50668.38671875
10-March-2021,51404.68,51430.43,51048.93,51279.51,2021,3,57256.4140625
12-March-2021,51660.98,51821.84,50538.43,50792.08,2021,3,58053.8359375
15-March-2021,50773.47,50834.78,49799.07,50395.08,2021,3,54540.1875
16-March-2021,50608.42,50857.98,50289.44,50363.96,2021,3,53527.48046875
17-March-2021,50436.02,50561.12,49718.65,49801.62,2021,3,67970.453125
18-March-2021,50161.25,50296.35,48962.36,49216.52,2021,3,61429.28125
19-March-2021,48881.19,50003.58,48586.93,49858.24,2021,3,54589.5234375
22-March-2021,49878.77,49878.77,49281.02,49771.29,2021,3,50118.0703125
23-March-2021,49876.21,50264.65,49661.92,50051.44,2021,3,64103.140625
24-March-2021,49786.47,49854.58,49120.34,49180.31,2021,3,60261.75
25-March-2021,49201.98,49247.95,48236.35,48440.12,2021,3,59584.4296875
26-March-2021,48969.25,49234.66,48699.91,49008.5,2021,3,60175.9375
30-March-2021,49331.68,50268.45,49331.68,50136.58,2021,3,65220.66796875
31-March-2021,50049.12,50050.32,49442.5,49509.15,2021,3,48602.859375
1-April-2021,49868.53,50092.48,49478.53,50029.83,2021,4,60055.2265625
5-April-2021,50020.91,50028.67,48580.8,49159.32,2021,4,49953.9296875
6-April-2021,49441.13,49582.26,48936.35,49201.39,2021,4,63861.828125
7-April-2021,49277.09,49900.13,49093.9,49661.76,2021,4,59560.05859375
8-April-2021,49885.26,50118.08,49581.61,49746.21,2021,4,57450.1640625
9-April-2021,49743.39,49906.91,49461.01,49591.32,2021,4,49342.2265625
12-April-2021,48956.65,48956.65,47693.44,47883.38,2021,4,71387.5234375
13-April-2021,47991.53,48627.43,47775.32,48544.06,2021,4,57533.0234375
15-April-2021,48512.77,48887.85,48010.55,48803.68,2021,4,56851.36328125
16-April-2021,48935.74,49089.55,48694.49,48832.03,2021,4,57897.40625
19-April-2021,47940.81,48020.79,47362.71,47949.42,2021,4,57543.3828125
20-April-2021,48473.04,48478.34,47438.5,47705.8,2021,4,62531.9375
22-April-2021,47501.71,48143.16,47204.5,48080.67,2021,4,61195.2109375
23-April-2021,47863.81,48265.39,47669.55,47878.45,2021,4,52800.6328125
26-April-2021,48197.37,48667.98,48152.24,48386.51,2021,4,62053.61328125
27-April-2021,48424.08,49009.26,48399.53,48944.14,2021,4,48228.94140625
28-April-2021,49066.64,49801.48,49066.64,49733.84,2021,4,65536.0234375
29-April-2021,50093.86,50375.77,49535.98,49765.94,2021,4,54813.9453125
30-April-2021,49360.89,49569.42,48698.08,48782.36,2021,4,55582.2421875
3-May-2021,48356.01,48863.23,48028.07,48718.52,2021,5,53145.4765625
4-May-2021,48881.63,48996.53,48149.45,48253.51,2021,5,65776.8828125
5-May-2021,48569.12,48742.72,48254.32,48677.55,2021,5,65415.546875
6-May-2021,48877.78,49011.31,48614.11,48949.76,2021,5,54600.015625
7-May-2021,49169.14,49417.64,49036.38,49206.47,2021,5,52117.4921875
10-May-2021,49496.05,49617.47,49412.05,49502.41,2021,5,52121.1640625
11-May-2021,49066.45,49304.47,48988.18,49161.81,2021,5,65511.66796875
12-May-2021,49171.28,49171.28,48550.72,48690.8,2021,5,60856.3359375
14-May-2021,48898.93,48898.93,48473.43,48732.55,2021,5,63516.14453125
17-May-2021,48990.7,49628.42,48923.13,49580.73,2021,5,64765.76953125
18-May-2021,49986.68,50313.25,49959.2,50193.33,2021,5,59869.52734375
19-May-2021,50088.81,50279.01,49831.4,49902.64,2021,5,64734.515625
20-May-2021,49971.52,50099.17,49496.78,49564.86,2021,5,71036.25
21-May-2021,49833.98,50591.12,49832.72,50540.48,2021,5,53742.84765625
24-May-2021,50727.28,50857.59,50465.9,50651.9,2021,5,59450.2421875
25-May-2021,50922.32,50961.35,50474.34,50637.53,2021,5,54892.09375
26-May-2021,50899.58,51072.61,50620.45,51017.52,2021,5,65983.203125
27-May-2021,51128.8,51282.9,50891.66,51115.22,2021,5,71474.6171875
28-May-2021,51381.27,51529.32,51258.69,51422.88,2021,5,58785.8203125
31-May-2021,51476.22,52013.22,51179.94,51937.44,2021,5,59666.62890625
1-June-2021,52067.51,52228.65,51808.88,51934.88,2021,6,53833.27734375
2-June-2021,51749.1,51913.92,51450.58,51849.48,2021,6,65858.328125
3-June-2021,52121.58,52273.23,51942.2,52232.43,2021,6,60016.41015625
4-June-2021,52367.52,52389.02,51952.7,52100.05,2021,6,58682.875
7-June-2021,52231.38,52378.69,52054.76,52328.51,2021,6,56278.859375
8-June-2021,52428.72,52432.43,52135.04,52275.57,2021,6,71443.1328125
9-June-2021,52401.41,52446.92,51717.07,51941.64,2021,6,59505.28125
10-June-2021,52143.9,52346.35,51957.92,52300.47,2021,6,58169.9609375
11-June-2021,52477.19,52641.53,52388.95,52474.76,2021,6,48731.99609375
14-June-2021,52492.34,52590.92,51936.31,52551.53,2021,6,48252.28125
15-June-2021,52751.83,52869.51,52671.29,52773.05,2021,6,58011.77734375
16-June-2021,52782.21,52816.31,52425.57,52501.98,2021,6,65109.1171875
17-June-2021,52122.25,52523.88,52040.51,52323.33,2021,6,58624.8984375
18-June-2021,52568.07,52586.41,51601.11,52344.45,2021,6,52286.0078125
21-June-2021,51887.55,52629.18,51740.19,52574.46,2021,6,50219.69140625
22-June-2021,52885.04,53057.11,52520.55,52588.71,2021,6,65423.60546875
23-June-2021,52912.35,52912.35,52264.12,52306.08,2021,6,58850.7578125
24-June-2021,52514.57,52830.68,52385.05,52699.0,2021,6,57032.84375
25-June-2021,52877.16,52973.07,52614.49,52925.04,2021,6,48302.44921875
28-June-2021,53126.73,53126.73,52673.5,52735.59,2021,6,57877.25
29-June-2021,52795.76,52816.42,52477.77,52549.66,2021,6,57515.1484375
30-June-2021,52651.09,52875.92,52448.64,52482.71,2021,6,60413.3671875
1-July-2021,52638.5,52638.5,52281.01,52318.6,2021,7,57532.2890625
2-July-2021,52434.55,52527.9,52177.68,52484.67,2021,7,61081.7421875
5-July-2021,52682.89,52919.17,52604.35,52880.0,2021,7,71026.8046875
6-July-2021,52874.85,53129.37,52804.18,52861.18,2021,7,64595.97265625
7-July-2021,52919.71,53105.41,52751.76,53054.76,2021,7,58714.1171875
8-July-2021,53065.69,53103.03,52428.84,52568.94,2021,7,58120.2578125
9-July-2021,52508.24,52555.73,52228.01,52386.19,2021,7,54434.1171875
12-July-2021,52634.33,52700.51,52208.96,52372.69,2021,7,58752.07421875
13-July-2021,52694.89,52806.86,52545.68,52769.73,2021,7,61014.71875
14-July-2021,52801.44,52978.58,52611.97,52904.05,2021,7,62899.3984375
15-July-2021,52968.89,53266.12,52948.43,53158.85,2021,7,64191.32421875
16-July-2021,53244.4,53290.81,52997.09,53140.06,2021,7,50774.1171875
19-July-2021,52606.99,52821.17,52405.89,52553.4,2021,7,60277.640625
20-July-2021,52432.88,52465.03,52013.51,52198.51,2021,7,48213.546875
22-July-2021,52494.56,52867.26,52471.23,52837.21,2021,7,56706.96484375
23-July-2021,52967.87,53114.7,52653.77,52975.8,2021,7,64259.4765625
26-July-2021,52985.26,53103.42,52783.63,52852.27,2021,7,61395.4765625
27-July-2021,52995.72,53024.7,52433.18,52578.76,2021,7,57237.98828125
28-July-2021,52673.69,52673.69,51802.73,52443.71,2021,7,57448.0078125
29-July-2021,52693.53,52777.18,52561.39,52653.07,2021,7,53073.734375
30-July-2021,52792.36,52910.23,52533.91,52586.84,2021,7,46934.203125
2-August-2021,52901.28,52986.77,52804.08,52950.63,2021,8,52290.15625
3-August-2021,53125.97,53887.98,53088.35,53823.36,2021,8,62019.3515625
4-August-2021,54071.22,54465.91,54034.31,54369.77,2021,8,65692.2734375
5-August-2021,54576.64,54717.24,54230.89,54492.84,2021,8,48111.21484375
6-August-2021,54492.17,54633.58,54210.33,54277.72,2021,8,47008.2734375
9-August-2021,54385.71,54584.73,54124.27,54402.85,2021,8,57392.640625
10-August-2021,54461.31,54779.66,54308.77,54554.66,2021,8,57476.7734375
11-August-2021,54730.65,54758.74,54167.2,54525.93,2021,8,59052.76171875
12-August-2021,54641.22,54874.1,54536.65,54843.98,2021,8,50612.11328125
13-August-2021,54911.95,55487.79,54905.49,55437.29,2021,8,52378.10546875
16-August-2021,55479.74,55680.75,55281.02,55582.58,2021,8,52080.26171875
17-August-2021,55565.64,55854.88,55386.49,55792.27,2021,8,57464.9453125
18-August-2021,56073.31,56118.57,55514.89,55629.49,2021,8,65637.390625
20-August-2021,55159.13,55543.16,55013.98,55329.32,2021,8,59663.7109375
23-August-2021,55695.84,55781.17,55240.29,55555.79,2021,8,59314.83984375
24-August-2021,55647.11,56023.22,55536.84,55958.98,2021,8,64374.078125
25-August-2021,56067.06,56198.13,55899.96,55944.21,2021,8,52937.171875
26-August-2021,55988.41,56112.39,55854.07,55949.1,2021,8,60157.81640625
27-August-2021,55862.93,56188.23,55675.87,56124.72,2021,8,63722.4609375
30-August-2021,56329.25,56958.27,56309.86,56889.76,2021,8,65087.59375
31-August-2021,56995.15,57625.26,56859.1,57552.39,2021,8,62574.1953125
1-September-2021,57763.53,57918.71,57263.9,57338.21,2021,9,65702.9296875
2-September-2021,57423.65,57892.37,57287.79,57852.54,2021,9,55457.84765625
3-September-2021,57983.45,58194.79,57764.07,58129.95,2021,9,52118.1875
6-September-2021,58411.62,58515.85,58200.29,58296.91,2021,9,64937.31640625
7-September-2021,58418.69,58553.07,58005.07,58279.48,2021,9,60124.5234375
8-September-2021,58350.56,58372.94,57924.48,58250.26,2021,9,60560.74609375
9-September-2021,58172.98,58334.59,58084.99,58305.07,2021,9,63881.20703125
13-September-2021,58262.11,58314.64,57944.63,58177.76,2021,9,56392.1171875
14-September-2021,58482.62,58482.62,58214.29,58247.09,2021,9,52230.234375
15-September-2021,58354.11,58777.06,58272.82,58723.2,2021,9,68968.6953125
16-September-2021,58881.04,59204.29,58700.5,59141.16,2021,9,61322.28125
17-September-2021,59409.98,59737.32,58871.73,59015.89,2021,9,50390.890625
20-September-2021,58634.69,59202.56,58389.69,58490.93,2021,9,61971.1015625
21-September-2021,58630.06,59084.51,58232.54,59005.27,2021,9,58732.75390625
22-September-2021,59166.15,59178.44,58878.38,58927.33,2021,9,62681.0078125
23-September-2021,59358.18,59957.25,59243.15,59885.36,2021,9,59087.5703125
24-September-2021,60158.76,60333.0,59946.55,60048.47,2021,9,56124.8359375
27-September-2021,60303.79,60412.32,59887.19,60077.88,2021,9,53250.7890625
28-September-2021,60285.89,60288.44,59045.53,59667.6,2021,9,59887.671875
29-September-2021,59296.54,59678.66,59111.41,59413.27,2021,9,61238.96875
30-September-2021,59549.57,59557.24,59019.28,59126.36,2021,9,49553.55078125
1-October-2021,58889.77,58890.08,58551.14,58765.58,2021,10,57518.4296875
4-October-2021,59143.0,59548.82,58952.11,59299.32,2021,10,61183.8046875
5-October-2021,59320.14,59778.87,59127.04,59744.88,2021,10,53602.21875
6-October-2021,59942.0,59963.57,59079.86,59189.73,2021,10,64588.828125
7-October-2021,59632.81,59914.91,59597.06,59677.83,2021,10,53135.81640625
8-October-2021,59960.39,60212.3,59830.93,60059.06,2021,10,58007.41015625
11-October-2021,60099.68,60476.13,59811.42,60135.78,2021,10,58595.453125
12-October-2021,60045.75,60331.74,59885.39,60284.31,2021,10,57027.1015625
13-October-2021,60619.91,60836.63,60452.29,60737.05,2021,10,59900.0234375
14-October-2021,61088.82,61353.25,60978.04,61305.95,2021,10,53550.4921875
18-October-2021,61817.32,61963.07,61624.65,61765.59,2021,10,52217.0
19-October-2021,62156.48,62245.43,61594.29,61716.05,2021,10,52227.59375
20-October-2021,61800.07,61880.36,61109.29,61259.96,2021,10,57012.5078125
21-October-2021,61557.94,61621.2,60485.65,60923.5,2021,10,48796.296875
22-October-2021,61044.54,61420.13,60551.15,60821.62,2021,10,57250.44140625
25-October-2021,61398.75,61404.99,60449.68,60967.05,2021,10,57697.421875
26-October-2021,60997.9,61497.71,60791.29,61350.26,2021,10,56952.21875
27-October-2021,61499.7,61576.85,60989.39,61143.33,2021,10,53161.6875
28-October-2021,61081.0,61081.0,59777.58,59984.7,2021,10,58032.99609375
29-October-2021,59857.33,60132.81,59089.37,59306.93,2021,10,48248.015625
1-November-2021,59577.48,60220.21,59355.12,60138.46,2021,11,53120.80078125
2-November-2021,60360.61,60421.14,59881.75,60029.06,2021,11,58484.8515625
3-November-2021,60275.21,60361.82,59552.49,59771.92,2021,11,49147.2109375
4-November-2021,60207.97,60207.97,60011.46,60067.62,2021,11,71152.0234375
8-November-2021,60385.76,60609.16,59779.19,60545.61,2021,11,61687.6015625
9-November-2021,60609.72,60670.47,60213.64,60433.45,2021,11,49981.7890625
10-November-2021,60295.26,60506.5,59967.45,60352.82,2021,11,50416.21875
11-November-2021,60291.7,60293.25,59656.26,59919.69,2021,11,57079.4453125
12-November-2021,60248.04,60750.72,59997.96,60686.69,2021,11,58387.53515625
15-November-2021,60837.4,61036.56,60597.36,60718.71,2021,11,48476.62890625
16-November-2021,60755.38,60802.79,60199.56,60322.37,2021,11,59678.9765625
17-November-2021,60179.93,60426.61,59944.77,60008.33,2021,11,55041.83984375
18-November-2021,59968.75,60177.52,59376.5,59636.01,2021,11,49669.59375
22-November-2021,59710.48,59778.37,58011.92,58465.89,2021,11,56349.734375
23-November-2021,57983.95,58834.95,57718.34,58664.33,2021,11,58702.03125
24-November-2021,58839.32,58968.12,58143.44,58340.99,2021,11,53421.62109375
25-November-2021,58363.93,58901.58,58143.86,58795.09,2021,11,65613.109375
26-November-2021,58254.79,58254.79,56993.89,57107.15,2021,11,62008.0390625
29-November-2021,57028.04,57626.51,56382.93,57260.58,2021,11,54246.265625
30-November-2021,57272.08,58183.77,56867.51,57064.87,2021,11,55252.25
1-December-2021,57365.85,57846.45,57346.78,57684.79,2021,12,61534.5625
2-December-2021,57781.48,58513.93,57680.41,58461.29,2021,12,56094.21875
3-December-2021,58555.58,58757.09,57640.57,57696.46,2021,12,49093.6015625
6-December-2021,57778.01,57781.46,56687.62,56747.14,2021,12,57667.59375
7-December-2021,57125.98,57905.63,56992.27,57633.65,2021,12,47269.25
8-December-2021,58158.56,58702.65,58122.27,58649.68,2021,12,58158.88671875
9-December-2021,58831.41,58889.96,58340.85,58807.13,2021,12,59200.8828125
10-December-2021,58696.71,58859.91,58414.76,58786.67,2021,12,49286.2734375
13-December-2021,59103.72,59203.37,58242.8,58283.42,2021,12,55022.12109375
14-December-2021,58059.76,58322.42,57803.87,58117.09,2021,12,61424.47265625
15-December-2021,58122.0,58218.25,57671.61,57788.03,2021,12,57771.3671875
16-December-2021,58243.43,58337.2,57683.11,57901.14,2021,12,58251.3671875
17-December-2021,58021.63,58062.28,56950.98,57011.74,2021,12,71081.6953125
20-December-2021,56517.26,56538.15,55132.68,55822.01,2021,12,46807.6328125
21-December-2021,56320.02,56900.74,56047.22,56319.01,2021,12,58499.37109375
22-December-2021,56599.47,56989.01,56471.03,56930.56,2021,12,63993.05078125
23-December-2021,57251.15,57490.52,57146.28,57315.28,2021,12,57930.5859375
24-December-2021,57567.11,57623.69,56813.42,57124.31,2021,12,52074.5625
27-December-2021,56948.33,57512.01,56543.08,57420.24,2021,12,57455.8046875
28-December-2021,57751.21,57952.48,57650.29,57897.48,2021,12,58137.11328125
29-December-2021,57892.31,58097.07,57684.58,57806.49,2021,12,61881.4140625
30-December-2021,57755.4,58010.03,57578.99,57794.32,2021,12,59920.7578125
31-December-2021,57849.76,58409.3,57846.52,58253.82,2021,12,53375.56640625
3-January-2022,58310.09,59266.39,58306.45,59183.22,2022,1,71273.8203125
4-January-2022,59343.79,59937.33,59084.4,59855.93,2022,1,58683.0390625
5-January-2022,59921.98,60332.72,59661.38,60223.15,2022,1,59719.421875
6-January-2022,59731.75,59781.86,59290.58,59601.84,2022,1,54144.24609375
7-January-2022,59776.1,60130.18,59401.44,59744.65,2022,1,63902.890625
10-January-2022,60070.39,60427.36,59987.18,60395.63,2022,1,60022.3984375
11-January-2022,60342.7,60689.25,60281.52,60616.89,2022,1,58636.75
12-January-2022,61014.37,61218.19,60850.93,61150.04,2022,1,56350.796875
13-January-2022,61259.99,61348.57,60949.81,61235.3,2022,1,60785.484375
14-January-2022,61040.32,61324.59,60757.03,61223.03,2022,1,64604.87890625
17-January-2022,61219.64,61385.48,61107.6,61308.91,2022,1,54471.921875
18-January-2022,61430.77,61475.15,60662.57,60754.86,2022,1,58666.328125
19-January-2022,60845.59,60870.17,59949.22,60098.82,2022,1,66893.4609375
20-January-2022,60045.48,60045.48,59068.31,59464.62,2022,1,57204.85546875
21-January-2022,59039.37,59329.63,58620.93,59037.18,2022,1,57180.84375
24-January-2022,59023.97,59023.97,56984.01,57491.51,2022,1,65797.484375
25-January-2022,57158.63,57966.93,56409.63,57858.15,2022,1,57045.625
27-January-2022,57317.38,57508.61,56439.36,57276.94,2022,1,47800.06640625
28-January-2022,57795.11,58084.33,57119.28,57200.23,2022,1,59229.671875
31-January-2022,57845.91,58257.63,57746.15,58014.17,2022,1,48103.94140625
1-February-2022,58672.86,59032.2,57737.66,58862.57,2022,2,48276.125
2-February-2022,59293.44,59618.51,59193.05,59558.33,2022,2,64020.6171875
3-February-2022,59528.16,59557.87,58653.94,58788.02,2022,2,52374.25
4-February-2022,58918.65,58943.62,58446.95,58644.82,2022,2,57186.4453125
7-February-2022,58549.67,58707.76,57299.05,57621.19,2022,2,52218.84375
8-February-2022,57799.67,57925.82,57058.77,57808.58,2022,2,52959.71875
9-February-2022,58163.01,58507.61,58105.18,58465.97,2022,2,61208.69140625
10-February-2022,58810.53,59060.24,58332.28,58926.03,2022,2,57685.3203125
11-February-2022,58447.15,58447.15,57914.1,58152.92,2022,2,58775.94140625
14-February-2022,56720.32,57191.91,56295.7,56405.84,2022,2,54889.5390625
15-February-2022,56731.56,58211.38,56438.47,58142.05,2022,2,59993.171875
16-February-2022,58310.68,58569.22,57780.28,57996.68,2022,2,53246.109375
17-February-2022,58217.69,58346.0,57635.43,57892.01,2022,2,60517.484375
18-February-2022,57488.39,58175.35,57488.39,57832.97,2022,2,52179.64453125
21-February-2022,57551.65,58141.96,57167.02,57683.59,2022,2,59499.09765625
22-February-2022,56438.64,57505.85,56394.85,57300.68,2022,2,57811.546875
23-February-2022,57632.94,57733.37,57109.24,57232.06,2022,2,57710.46484375
24-February-2022,55418.45,55996.09,54383.2,54529.91,2022,2,60529.046875
25-February-2022,55321.72,56183.7,55299.28,55858.52,2022,2,59154.3125
28-February-2022,55329.46,56324.54,54833.5,56247.28,2022,2,55752.546875
2-March-2022,55629.3,55755.09,55020.1,55468.9,2022,3,58999.3984375
3-March-2022,55921.44,55996.62,54931.48,55102.68,2022,3,64690.01953125
4-March-2022,54653.59,55013.27,53887.72,54333.81,2022,3,50130.703125
7-March-2022,53172.51,53203.87,52367.1,52842.75,2022,3,55081.6953125
8-March-2022,52430.06,53484.26,52260.82,53424.09,2022,3,65105.5546875
9-March-2022,53793.99,54893.73,53367.52,54647.33,2022,3,58768.34375
10-March-2022,56242.47,56242.47,54982.82,55464.39,2022,3,56103.265625
11-March-2022,55218.78,55833.95,55049.95,55550.3,2022,3,52116.65234375
14-March-2022,55614.4,56545.83,55556.47,56486.02,2022,3,57843.828125
15-March-2022,56663.87,56720.6,55418.95,55776.85,2022,3,57046.52734375
16-March-2022,56555.33,56860.89,56389.26,56816.65,2022,3,57255.078125
17-March-2022,57620.28,58095.84,57518.06,57863.93,2022,3,56327.98828125
21-March-2022,58030.41,58127.95,57229.08,57292.49,2022,3,60816.9453125
22-March-2022,57297.57,58052.87,56930.3,57989.3,2022,3,69566.6328125
23-March-2022,58198.64,58416.56,57568.59,57684.82,2022,3,60094.75390625
24-March-2022,57190.05,57827.99,57138.51,57595.68,2022,3,48278.171875
25-March-2022,57801.72,57845.37,57100.24,57362.2,2022,3,54111.7734375
28-March-2022,57472.72,57638.34,56825.09,57593.49,2022,3,65802.46875
29-March-2022,57814.76,58001.53,57639.35,57943.65,2022,3,57910.52734375
30-March-2022,58362.85,58727.78,58176.0,58683.99,2022,3,58578.171875
31-March-2022,58779.71,58890.92,58485.79,58568.51,2022,3,48707.203125
1-April-2022,58530.73,59396.62,58450.04,59276.69,2022,4,56844.328125
4-April-2022,59764.13,60845.1,59760.22,60611.74,2022,4,60171.40625
5-April-2022,60786.07,60786.07,60067.18,60176.5,2022,4,65480.7421875
6-April-2022,59815.71,59941.57,59509.84,59610.41,2022,4,52223.9921875
7-April-2022,59402.61,59504.92,58977.35,59034.95,2022,4,60029.1796875
8-April-2022,59256.97,59654.44,58876.36,59447.18,2022,4,67497.5625
11-April-2022,59333.18,59355.76,58894.4,58964.57,2022,4,70196.015625
12-April-2022,58743.5,58794.78,58298.57,58576.37,2022,4,59849.25
13-April-2022,58910.74,59003.82,58291.23,58338.93,2022,4,55166.921875
18-April-2022,57338.58,57420.8,56842.39,57166.74,2022,4,58063.6640625
19-April-2022,57381.77,57464.08,56009.07,56463.15,2022,4,57476.9609375
20-April-2022,56741.43,57216.51,56521.33,57037.5,2022,4,48629.53515625
21-April-2022,57458.6,57991.53,57311.86,57911.68,2022,4,47019.71484375
22-April-2022,57531.95,57689.86,57134.72,57197.15,2022,4,50154.921875
25-April-2022,56757.64,56875.65,56356.87,56579.89,2022,4,62610.296875
26-April-2022,57066.24,57442.24,56904.51,57356.61,2022,4,58595.6796875
27-April-2022,56983.68,57079.03,56584.04,56819.39,2022,4,49946.8515625
28-April-2022,57296.31,57790.85,56936.94,57521.06,2022,4,66290.5234375
29-April-2022,57817.51,57975.48,56902.3,57060.87,2022,4,62554.00390625
2-May-2022,56429.45,57054.23,56412.62,56975.99,2022,5,52122.3046875
4-May-2022,57124.91,57184.21,55501.6,55669.03,2022,5,58864.5859375
5-May-2022,56255.07,56566.8,55613.82,55702.23,2022,5,57134.94140625
6-May-2022,54928.29,55070.12,54586.75,54835.58,2022,5,50223.2890625
9-May-2022,54188.21,54795.47,53918.02,54470.67,2022,5,64792.6640625
10-May-2022,54309.31,54857.02,54226.33,54364.85,2022,5,58335.2265625
11-May-2022,54544.91,54598.55,53519.3,54088.39,2022,5,59794.1171875
12-May-2022,53608.35,53632.55,52702.3,52930.31,2022,5,58325.8984375
13-May-2022,53565.74,53785.71,52654.89,52793.62,2022,5,59566.03515625
16-May-2022,52946.32,53428.28,52632.48,52973.84,2022,5,48308.3203125
17-May-2022,53285.19,54399.42,53176.02,54318.47,2022,5,58936.3828125
18-May-2022,54554.89,54786.0,54130.89,54208.53,2022,5,58034.01953125
19-May-2022,53070.3,53356.04,52669.51,52792.23,2022,5,46452.90625
20-May-2022,53513.97,54396.43,53403.29,54326.39,2022,5,64008.3046875
23-May-2022,54459.95,54931.3,54191.55,54288.61,2022,5,59072.16015625
24-May-2022,54307.56,54524.37,53886.28,54052.61,2022,5,48847.8984375
25-May-2022,54254.07,54379.59,53683.16,53749.26,2022,5,65314.5234375
26-May-2022,53950.84,54346.22,53425.25,54252.53,2022,5,65180.890625
27-May-2022,54671.5,54936.63,54449.34,54884.66,2022,5,48834.76953125
30-May-2022,55507.75,56082.65,55466.3,55925.74,2022,5,57361.41015625
31-May-2022,55622.01,55925.62,55369.14,55566.41,2022,5,57235.09375
1-June-2022,55588.27,55791.49,55091.43,55381.17,2022,6,58314.94140625
2-June-2022,55382.44,55891.92,55135.11,55818.11,2022,6,48154.64453125
3-June-2022,56245.6,56432.65,55719.36,55769.23,2022,6,59884.0625
6-June-2022,55610.64,55832.28,55295.74,55675.32,2022,6,62372.59375
7-June-2022,55373.18,55387.77,54882.41,55107.34,2022,6,59832.12109375
8-June-2022,55345.51,55423.97,54683.3,54892.49,2022,6,59148.7890625
9-June-2022,54514.17,55366.84,54507.41,55320.28,2022,6,58610.12890625
10-June-2022,54760.25,54780.78,54205.99,54303.44,2022,6,52581.06640625
13-June-2022,53184.61,53207.54,52527.08,52846.7,2022,6,67248.1875
14-June-2022,52495.94,53095.32,52459.48,52693.57,2022,6,51957.2109375
15-June-2022,52650.41,52867.73,52493.36,52541.39,2022,6,63819.83203125
16-June-2022,53018.91,53142.5,51425.48,51495.79,2022,6,52007.28515625
17-June-2022,51181.99,51652.83,50921.22,51360.42,2022,6,58969.390625
20-June-2022,51470.03,51714.61,51062.93,51597.84,2022,6,57496.98046875
21-June-2022,51897.6,52799.4,51808.76,52532.07,2022,6,50441.0859375
22-June-2022,52186.36,52272.85,51739.98,51822.53,2022,6,57629.4453125
23-June-2022,51972.75,52516.79,51632.85,52265.72,2022,6,61109.59375
24-June-2022,52654.24,52909.87,52447.25,52727.98,2022,6,50011.09375
27-June-2022,53468.89,53509.5,53120.79,53161.28,2022,6,62078.16015625
28-June-2022,52846.26,53301.4,52771.53,53177.45,2022,6,64528.03515625
29-June-2022,52623.15,53244.84,52612.68,53026.97,2022,6,54896.46875
30-June-2022,52897.16,53377.54,52883.25,53018.94,2022,6,54795.5546875
1-July-2022,52863.34,53053.04,52094.25,52907.93,2022,7,58540.43359375
4-July-2022,52851.67,53301.99,52674.81,53234.77,2022,7,54704.00390625
5-July-2022,53501.21,53865.93,53054.3,53134.35,2022,7,59691.984375
6-July-2022,53170.7,53819.31,53143.28,53750.97,2022,7,53958.3984375
7-July-2022,54146.68,54254.79,53927.26,54178.46,2022,7,56754.9921875
8-July-2022,54574.43,54627.14,54278.77,54481.84,2022,7,48427.6328125
11-July-2022,54248.6,54527.9,54090.53,54395.23,2022,7,66638.71875
12-July-2022,54219.78,54236.49,53824.97,53886.61,2022,7,47522.2578125
13-July-2022,54210.1,54211.22,53455.26,53514.15,2022,7,57006.4296875
14-July-2022,53688.62,53861.28,53163.77,53416.15,2022,7,52042.859375
15-July-2022,53637.88,53811.37,53361.62,53760.78,2022,7,60840.9921875
18-July-2022,54069.3,54556.66,54034.97,54521.15,2022,7,59441.078125
19-July-2022,54251.88,54817.52,54232.82,54767.62,2022,7,53723.2421875
20-July-2022,55486.12,55630.26,55298.23,55397.53,2022,7,51466.875
21-July-2022,55391.93,55738.49,55270.75,55681.95,2022,7,48715.609375
22-July-2022,55800.84,56186.05,55685.45,56072.23,2022,7,54625.9375
25-July-2022,55877.5,56018.09,55537.08,55766.22,2022,7,54239.015625
26-July-2022,55834.38,55834.38,55203.43,55268.49,2022,7,62258.87890625
27-July-2022,55258.29,55853.09,55157.99,55816.32,2022,7,60170.09375
28-July-2022,56267.55,56914.22,56236.45,56857.79,2022,7,64722.078125
29-July-2022,57258.13,57619.27,57104.81,57570.25,2022,7,48270.71875
1-August-2022,57823.1,58170.67,57540.36,58115.5,2022,8,48763.44921875
2-August-2022,58049.02,58328.41,57744.7,58136.36,2022,8,60630.34765625
3-August-2022,58174.11,58415.63,57788.78,58350.53,2022,8,62480.01171875
4-August-2022,58571.28,58712.66,57577.05,58298.8,2022,8,66018.375
5-August-2022,58421.04,58649.19,58244.86,58387.93,2022,8,58792.9453125
8-August-2022,58417.71,58934.9,58266.65,58853.07,2022,8,58593.15625
10-August-2022,58977.34,58984.32,58583.36,58817.29,2022,8,60146.8671875
11-August-2022,59320.45,59484.99,59251.14,59332.6,2022,8,59448.53125
12-August-2022,59235.98,59538.08,59113.01,59462.78,2022,8,55988.8828125
16-August-2022,59675.12,59923.03,59673.96,59842.21,2022,8,65359.92578125
17-August-2022,59938.05,60323.25,59857.8,60260.13,2022,8,61727.15625
18-August-2022,60080.19,60341.41,59946.44,60298.0,2022,8,54734.75
19-August-2022,60351.23,60411.2,59474.57,59646.15,2022,8,57869.9140625
22-August-2022,59361.08,59402.5,58705.11,58773.87,2022,8,58760.953125
23-August-2022,58205.97,59199.11,58172.48,59031.3,2022,8,58043.99609375
24-August-2022,58853.32,59170.87,58760.09,59085.43,2022,8,49342.5859375
25-August-2022,59315.98,59484.35,58666.41,58774.72,2022,8,48262.9453125
26-August-2022,59050.67,59321.65,58722.69,58833.87,2022,8,70728.2265625
29-August-2022,57367.47,58208.3,57367.47,57972.62,2022,8,48404.45703125
30-August-2022,58259.85,59599.78,58245.49,59537.07,2022,8,66205.7109375
1-September-2022,58710.53,59309.79,58522.57,58766.59,2022,9,54479.1015625
2-September-2022,58969.02,59108.66,58558.64,58803.33,2022,9,64189.8515625
5-September-2022,58814.08,59308.25,58812.2,59245.98,2022,9,65399.5
6-September-2022,59285.36,59566.67,58974.26,59196.99,2022,9,57014.6953125
7-September-2022,58789.26,59166.46,58722.89,59028.91,2022,9,57632.015625
8-September-2022,59374.99,59711.96,59315.71,59688.22,2022,9,50762.375
9-September-2022,60045.75,60119.8,59634.39,59793.14,2022,9,64660.046875
12-September-2022,59912.29,60284.55,59912.29,60115.13,2022,9,48635.03125
13-September-2022,60408.29,60635.28,60381.02,60571.08,2022,9,52322.9296875
14-September-2022,59417.12,60649.04,59417.12,60346.97,2022,9,60924.375
15-September-2022,60454.37,60676.12,59865.75,59934.01,2022,9,59014.9453125
16-September-2022,59585.72,59720.56,58687.17,58840.79,2022,9,52253.296875
19-September-2022,58747.31,59277.55,58487.76,59141.23,2022,9,57420.12109375
20-September-2022,59556.91,60105.79,59556.91,59719.74,2022,9,59237.765625
21-September-2022,59504.14,59799.04,59275.4,59456.78,2022,9,56899.44921875
22-September-2022,59073.84,59457.58,58832.78,59119.72,2022,9,51348.3046875
23-September-2022,59005.18,59143.32,57981.95,58098.92,2022,9,58626.7265625
26-September-2022,57525.03,57708.38,57038.24,57145.22,2022,9,65251.1328125
27-September-2022,57376.52,57704.57,56950.52,57107.52,2022,9,46680.54296875
28-September-2022,56710.13,57213.33,56485.67,56598.28,2022,9,48589.7578125
29-September-2022,56997.9,57166.14,56314.05,56409.96,2022,9,59410.8359375
30-September-2022,56240.15,57722.63,56147.23,57426.92,2022,9,59381.52734375
3-October-2022,57403.92,57454.84,56683.4,56788.81,2022,10,60223.46875
4-October-2022,57506.65,58099.94,57506.65,58065.47,2022,10,52238.09375
6-October-2022,58314.05,58578.76,58173.7,58222.1,2022,10,51957.8515625
7-October-2022,58092.56,58269.34,57851.15,58191.29,2022,10,57355.4296875
10-October-2022,57424.07,58125.01,57365.68,57991.11,2022,10,61689.76953125
11-October-2022,58004.25,58027.52,57050.4,57147.32,2022,10,64790.96875
12-October-2022,57312.49,57687.64,57085.92,57625.91,2022,10,58637.0859375
13-October-2022,57512.74,57568.14,57055.75,57235.33,2022,10,48174.92578125
14-October-2022,58162.74,58435.12,57848.23,57919.97,2022,10,52416.265625
17-October-2022,57752.5,58449.0,57639.8,58410.98,2022,10,59835.1953125
18-October-2022,58744.13,59143.66,58744.13,58960.6,2022,10,61637.7109375
19-October-2022,59196.96,59399.69,58961.77,59107.19,2022,10,62021.1328125
20-October-2022,58824.48,59273.85,58791.28,59202.9,2022,10,59289.24609375
21-October-2022,59381.36,59590.93,59132.94,59307.15,2022,10,49153.28515625
24-October-2022,59804.02,59994.25,59776.66,59831.66,2022,10,59177.99609375
25-October-2022,60002.96,60081.24,59489.02,59543.96,2022,10,60621.41015625
27-October-2022,59792.32,59959.94,59496.8,59756.84,2022,10,53579.546875
28-October-2022,59746.8,60133.17,59739.05,59959.85,2022,10,52671.4140625
31-October-2022,60246.96,60786.7,60246.96,60746.59,2022,10,57932.0390625
1-November-2022,61065.58,61289.73,60868.69,61121.35,2022,11,66122.8828125
2-November-2022,61156.89,61209.65,60794.39,60906.09,2022,11,54584.4140625
3-November-2022,60511.57,60994.37,60485.14,60836.41,2022,11,57049.609375
4-November-2022,60698.27,61004.49,60666.01,60950.36,2022,11,56980.3203125
7-November-2022,61188.13,61401.54,60714.36,61185.15,2022,11,48178.703125
9-November-2022,61304.29,61447.23,60905.15,61033.55,2022,11,65397.77734375
10-November-2022,60524.27,60848.73,60425.47,60613.7,2022,11,60320.38671875
11-November-2022,61311.02,61840.97,61311.02,61795.04,2022,11,53423.6171875
14-November-2022,61765.86,61916.24,61572.03,61624.15,2022,11,65431.92578125
15-November-2022,61630.05,61955.96,61436.9,61872.99,2022,11,52538.7265625
16-November-2022,61708.63,62052.57,61708.63,61980.72,2022,11,65733.859375
17-November-2022,61812.36,62050.8,61643.27,61750.6,2022,11,60049.1328125
18-November-2022,61858.2,61929.88,61337.43,61663.48,2022,11,65044.3515625
21-November-2022,61456.33,61456.33,61059.33,61144.84,2022,11,64388.53515625
22-November-2022,61126.56,61466.63,61073.68,61418.96,2022,11,59368.6953125
23-November-2022,61779.71,61780.9,61442.69,61510.58,2022,11,56557.74609375
24-November-2022,61656.0,62412.33,61600.42,62272.68,2022,11,65408.0390625
25-November-2022,62327.88,62447.73,62115.66,62293.64,2022,11,64425.109375
28-November-2022,62016.35,62701.4,61959.74,62504.8,2022,11,55477.0390625
29-November-2022,62362.08,62887.4,62362.08,62681.84,2022,11,56604.56640625
30-November-2022,62743.47,63303.01,62648.38,63099.65,2022,11,61055.359375
1-December-2022,63357.99,63583.07,63183.77,63284.19,2022,12,57669.9609375
2-December-2022,62978.58,63148.59,62679.63,62868.5,2022,12,65922.1640625
5-December-2022,62865.28,62939.63,62507.88,62834.6,2022,12,66062.8203125
6-December-2022,62395.55,62677.84,62390.07,62626.36,2022,12,64872.546875
7-December-2022,62615.52,62759.97,62316.65,62410.68,2022,12,51621.9921875
8-December-2022,62504.04,62633.56,62320.18,62570.68,2022,12,69882.84375
9-December-2022,62690.86,62735.42,61889.11,62181.67,2022,12,50217.203125
12-December-2022,61770.56,62239.42,61676.15,62130.57,2022,12,64207.6953125
13-December-2022,62300.67,62567.92,62129.57,62533.3,2022,12,59774.0234375
14-December-2022,62685.94,62835.11,62591.28,62677.91,2022,12,48775.1171875
15-December-2022,62530.07,62624.81,61715.61,61799.03,2022,12,59651.4765625
16-December-2022,61534.24,61893.22,61292.53,61337.81,2022,12,59739.7890625
19-December-2022,61405.8,61844.92,61265.31,61806.19,2022,12,61855.94140625
20-December-2022,61608.85,61780.37,61102.68,61702.29,2022,12,56889.0625
21-December-2022,61993.71,62006.46,60938.38,61067.24,2022,12,65321.6875
22-December-2022,61257.17,61464.38,60637.24,60826.22,2022,12,49813.88671875
23-December-2022,60205.56,60546.88,59765.56,59845.29,2022,12,58538.59375
26-December-2022,59755.08,60833.78,59754.1,60566.42,2022,12,59979.77734375
27-December-2022,60861.41,60986.68,60405.66,60927.43,2022,12,55230.3671875
28-December-2022,60811.52,61075.33,60713.77,60910.28,2022,12,49346.5859375
29-December-2022,60628.29,61210.65,60479.06,61133.88,2022,12,51861.0
30-December-2022,61329.16,61392.68,60743.71,60840.74,2022,12,66154.640625
2-January-2023,60871.24,61222.79,60764.63,61167.79,2023,1,57721.7109375
3-January-2023,61074.88,61343.96,61004.04,61294.2,2023,1,54590.4296875
4-January-2023,61294.65,61327.21,60593.56,60657.45,2023,1,47996.28125
5-January-2023,60847.5,60877.06,60049.84,60353.27,2023,1,50331.34375
6-January-2023,60388.74,60537.63,59669.91,59900.37,2023,1,60202.28125
9-January-2023,60147.07,60889.41,60109.94,60747.31,2023,1,63084.56640625
10-January-2023,60805.14,60809.65,59938.38,60115.48,2023,1,52356.2578125
11-January-2023,60134.56,60364.77,59805.78,60105.5,2023,1,59694.390625
12-January-2023,60083.03,60290.35,59632.32,59958.03,2023,1,55713.8671875
13-January-2023,60044.96,60418.26,59628.43,60261.18,2023,1,58995.7109375
16-January-2023,60550.5,60586.77,59963.83,60092.97,2023,1,50831.859375
17-January-2023,60142.08,60704.48,60072.34,60655.72,2023,1,58371.359375
18-January-2023,60716.03,61110.25,60569.19,61045.74,2023,1,48158.8046875
19-January-2023,60920.02,61032.47,60716.55,60858.43,2023,1,55215.4765625
20-January-2023,60901.16,61001.18,60585.25,60621.77,2023,1,52148.75
23-January-2023,60876.01,61113.27,60761.88,60941.67,2023,1,50948.46875
24-January-2023,61122.2,61266.06,60849.12,60978.75,2023,1,49475.6171875
25-January-2023,60834.73,60899.21,60081.36,60205.06,2023,1,65275.11328125
27-January-2023,60166.9,60166.9,58974.7,59330.9,2023,1,58240.88671875
30-January-2023,59101.69,59644.24,58699.2,59500.41,2023,1,60490.09375
31-January-2023,59770.83,59787.63,59104.59,59549.9,2023,1,58919.6171875
1-February-2023,60001.17,60773.44,58816.84,59708.08,2023,2,62330.5078125
2-February-2023,59459.87,60007.67,59215.62,59932.24,2023,2,58376.74609375
3-February-2023,60350.01,60905.34,60013.06,60841.88,2023,2,49037.8046875
6-February-2023,60847.21,60847.21,60345.61,60506.9,2023,2,65581.9140625
7-February-2023,60511.32,60655.14,60063.49,60286.04,2023,2,63270.1796875
8-February-2023,60332.99,60792.1,60324.92,60663.79,2023,2,70967.1796875
9-February-2023,60715.89,60863.63,60472.81,60806.22,2023,2,48200.5546875
10-February-2023,60706.81,60774.14,60501.74,60682.7,2023,2,65691.484375
13-February-2023,60652.82,60740.95,60245.05,60431.84,2023,2,49121.5234375
14-February-2023,60550.25,61102.74,60550.25,61032.26,2023,2,57489.19140625
15-February-2023,60990.05,61352.55,60750.32,61275.09,2023,2,60132.89453125
16-February-2023,61566.22,61682.25,61196.72,61319.51,2023,2,52327.5859375
17-February-2023,60993.54,61302.72,60810.67,61002.57,2023,2,66152.6640625
20-February-2023,61112.84,61290.19,60607.02,60691.54,2023,2,59796.57421875
21-February-2023,60770.43,60976.59,60583.72,60672.72,2023,2,55358.2109375
22-February-2023,60391.86,60462.9,59681.55,59744.98,2023,2,59797.22265625
23-February-2023,59777.64,59960.04,59406.31,59605.8,2023,2,59826.1171875
24-February-2023,59859.48,59908.77,59325.34,59463.93,2023,2,58395.23828125
27-February-2023,59331.31,59441.13,58937.64,59288.35,2023,2,61822.0234375
28-February-2023,59346.61,59483.72,58795.97,58962.12,2023,2,57012.609375
1-March-2023,59136.48,59475.45,59109.54,59411.08,2023,3,68219.6484375
2-March-2023,59287.18,59423.79,58866.26,58909.35,2023,3,65889.1484375
3-March-2023,59241.2,59967.04,59231.58,59808.97,2023,3,60177.546875
6-March-2023,60007.04,60498.48,60005.65,60224.46,2023,3,52729.40234375
8-March-2023,59916.1,60402.85,59844.82,60348.09,2023,3,50590.75
9-March-2023,60467.09,60467.09,59750.53,59806.28,2023,3,66177.109375
10-March-2023,59259.83,59262.47,58884.98,59135.13,2023,3,54450.5390625
13-March-2023,59033.77,59510.92,58094.55,58237.85,2023,3,51726.06640625
14-March-2023,58168.75,58490.98,57721.16,57900.19,2023,3,58224.21875
15-March-2023,58268.54,58473.63,57455.67,57555.9,2023,3,60892.45703125
16-March-2023,57510.8,57887.46,57158.69,57634.84,2023,3,59057.4765625
17-March-2023,58038.17,58178.94,57503.9,57989.9,2023,3,59773.6171875
20-March-2023,57773.55,57829.23,57084.91,57628.95,2023,3,58227.484375
21-March-2023,57963.27,58133.33,57730.09,58074.68,2023,3,60222.78125
22-March-2023,58245.26,58418.78,58063.5,58214.59,2023,3,60870.5703125
23-March-2023,58061.41,58396.17,57838.85,57925.28,2023,3,50786.3046875
24-March-2023,57890.66,58066.4,57422.98,57527.1,2023,3,58175.421875
27-March-2023,57566.9,58019.55,57415.02,57653.86,2023,3,54976.5703125
28-March-2023,57751.5,57949.45,57494.91,57613.72,2023,3,58177.87890625
29-March-2023,57572.08,58124.2,57524.32,57960.09,2023,3,48925.265625
31-March-2023,58273.86,59068.47,58273.86,58991.52,2023,3,51824.890625
3-April-2023,59131.16,59204.82,58793.08,59106.44,2023,4,50259.8359375
5-April-2023,59094.71,59747.12,59094.4,59689.31,2023,4,59984.453125
6-April-2023,59627.01,59950.06,59520.12,59832.97,2023,4,59992.38671875
10-April-2023,59858.98,60109.11,59766.23,59846.51,2023,4,64626.265625
11-April-2023,60028.6,60267.68,59919.88,60157.72,2023,4,53437.078125
12-April-2023,60180.2,60437.64,60094.69,60392.77,2023,4,61316.3828125
13-April-2023,60364.41,60486.91,60081.43,60431.0,2023,4,54755.82421875
17-April-2023,60385.9,60407.86,59442.47,59910.75,2023,4,59557.38671875
18-April-2023,59991.26,60113.47,59579.3,59727.01,2023,4,52203.08203125
19-April-2023,59745.89,59745.89,59452.72,59567.8,2023,4,58991.09765625
20-April-2023,59586.61,59836.79,59489.98,59632.35,2023,4,65312.28125
21-April-2023,59538.79,59781.36,59412.81,59655.06,2023,4,64940.81640625
24-April-2023,59873.71,60101.64,59620.11,60056.1,2023,4,60646.71484375
25-April-2023,60202.77,60268.67,59967.02,60130.71,2023,4,68655.7421875
26-April-2023,60087.98,60362.79,59954.91,60300.58,2023,4,60039.34765625
27-April-2023,60315.56,60698.31,60271.49,60649.38,2023,4,50402.18359375
28-April-2023,60721.61,61209.46,60507.83,61112.44,2023,4,70321.4140625
2-May-2023,61301.61,61486.24,61255.0,61354.71,2023,5,60230.9453125
3-May-2023,61274.96,61274.96,61024.44,61193.3,2023,5,61774.75
4-May-2023,61258.13,61797.91,61119.56,61749.25,2023,5,59419.171875
5-May-2023,61163.1,61585.5,61002.17,61054.29,2023,5,57439.265625
8-May-2023,61166.09,61854.19,61166.09,61764.25,2023,5,64903.5546875
9-May-2023,61879.68,62027.51,61654.94,61761.33,2023,5,64825.4765625
10-May-2023,61843.36,61974.35,61572.93,61940.2,2023,5,52203.84375
11-May-2023,62158.1,62168.22,61823.07,61904.52,2023,5,53020.29296875
12-May-2023,61857.69,62110.93,61578.15,62027.9,2023,5,49499.7421875
15-May-2023,62157.1,62562.67,61950.3,62345.71,2023,5,56872.80078125
16-May-2023,62474.11,62475.95,61847.41,61932.47,2023,5,52326.2421875
17-May-2023,61932.32,61979.94,61340.1,61560.64,2023,5,48532.6640625
18-May-2023,61937.86,61955.9,61349.34,61431.74,2023,5,65428.09375
19-May-2023,61556.25,61784.61,61251.7,61729.68,2023,5,70008.9921875
22-May-2023,61579.78,62044.46,61579.78,61963.68,2023,5,52326.3671875
23-May-2023,62098.16,62245.19,61914.4,61981.79,2023,5,58403.33984375
24-May-2023,61834.28,62154.14,61708.1,61773.78,2023,5,52141.8984375
25-May-2023,61706.13,61934.01,61484.66,61872.62,2023,5,53360.3203125
26-May-2023,61985.36,62529.83,61911.61,62501.69,2023,5,64054.3671875
29-May-2023,62801.54,63026.0,62801.54,62846.38,2023,5,66122.4296875
30-May-2023,62839.85,63036.12,62737.4,62969.13,2023,5,69767.1484375
31-May-2023,62839.97,62876.77,62401.02,62622.24,2023,5,54294.72265625
1-June-2023,62736.47,62762.41,62359.14,62428.54,2023,6,65740.8828125
2-June-2023,62601.97,62719.84,62379.86,62547.11,2023,6,58759.74609375
5-June-2023,62759.19,62943.2,62751.72,62787.47,2023,6,55968.30078125
6-June-2023,62738.35,62867.95,62554.21,62792.88,2023,6,59769.59375
7-June-2023,62917.39,63196.43,62841.95,63142.96,2023,6,65354.78515625
8-June-2023,63140.17,63321.4,62789.73,62848.64,2023,6,53766.21484375
9-June-2023,62810.68,62992.16,62594.74,62625.63,2023,6,60023.6796875
12-June-2023,62659.98,62804.89,62615.2,62724.71,2023,6,56994.078125
13-June-2023,62779.14,63177.47,62777.04,63143.16,2023,6,57108.53125
14-June-2023,63115.48,63274.03,63013.51,63228.51,2023,6,60790.2265625
15-June-2023,63153.78,63310.96,62871.08,62917.63,2023,6,59886.1796875
16-June-2023,62960.73,63520.36,62957.17,63384.58,2023,6,59474.125
19-June-2023,63474.21,63574.69,63047.83,63168.3,2023,6,59958.328125
20-June-2023,63176.77,63440.19,62801.91,63327.7,2023,6,50654.3046875
21-June-2023,63467.46,63588.31,63315.62,63523.15,2023,6,49842.03515625
22-June-2023,63601.71,63601.71,63200.63,63238.89,2023,6,58010.1640625
23-June-2023,63124.28,63240.63,62874.12,62979.37,2023,6,57747.9375
26-June-2023,62946.5,63136.09,62853.67,62970.0,2023,6,64898.9453125
27-June-2023,63151.85,63467.54,63054.84,63416.03,2023,6,58435.19140625
28-June-2023,63701.78,64050.44,63554.82,63915.42,2023,6,58205.8359375
30-June-2023,64068.44,64768.58,64068.44,64718.56,2023,6,57520.3203125
3-July-2023,64836.16,65300.35,64836.16,65205.05,2023,7,59794.16796875
4-July-2023,65503.85,65672.97,65171.06,65479.05,2023,7,61843.30859375
5-July-2023,65493.68,65584.33,65256.49,65446.04,2023,7,57457.55078125
6-July-2023,65391.88,65832.98,65328.29,65785.64,2023,7,58755.88671875
7-July-2023,65559.41,65898.98,65175.74,65280.45,2023,7,50097.8359375
10-July-2023,65482.33,65633.49,65246.4,65344.17,2023,7,61573.05078125
11-July-2023,65598.65,65870.59,65517.57,65617.84,2023,7,62317.61328125
12-July-2023,65759.28,65811.64,65320.25,65393.9,2023,7,54362.26953125
13-July-2023,65667.07,66064.21,65452.15,65558.89,2023,7,59054.1640625
14-July-2023,65775.49,66159.79,65610.82,66060.9,2023,7,64680.390625
17-July-2023,66148.18,66656.21,66015.63,66589.93,2023,7,58671.6484375
18-July-2023,66828.96,67007.02,66574.47,66795.14,2023,7,65976.2265625
19-July-2023,66905.01,67171.38,66703.61,67097.44,2023,7,57792.265625
20-July-2023,67074.34,67619.17,66831.38,67571.9,2023,7,49439.7734375
21-July-2023,66907.07,67190.52,66533.74,66684.26,2023,7,53166.8984375
24-July-2023,66629.14,66808.56,66326.25,66384.78,2023,7,64576.5703125
25-July-2023,66531.2,66559.29,66177.62,66355.71,2023,7,57453.7890625
26-July-2023,66434.72,66897.27,66431.34,66707.2,2023,7,58305.58984375
27-July-2023,66834.12,66984.17,66060.74,66266.82,2023,7,60014.921875
28-July-2023,66266.35,66351.22,65878.65,66160.2,2023,7,65571.953125
31-July-2023,66156.39,66598.42,65998.9,66527.67,2023,7,56591.8984375
1-August-2023,66532.98,66658.12,66388.26,66459.31,2023,8,58706.61328125
2-August-2023,66064.41,66261.97,65431.68,65782.78,2023,8,63934.1640625
3-August-2023,65550.82,65820.82,64963.08,65240.68,2023,8,59322.6640625
4-August-2023,65453.55,65799.27,65387.18,65721.25,2023,8,60783.859375
7-August-2023,65811.4,66067.9,65748.25,65953.48,2023,8,59221.18359375
8-August-2023,66048.81,66057.53,65752.63,65846.5,2023,8,60343.2734375
9-August-2023,65810.96,66066.01,65444.38,65995.81,2023,8,63947.8203125
10-August-2023,65945.39,65956.25,65509.14,65688.18,2023,8,57449.3515625
11-August-2023,65727.8,65727.8,65274.61,65322.65,2023,8,54011.4921875
14-August-2023,65153.02,65517.82,64821.88,65401.92,2023,8,59947.0234375
16-August-2023,65238.67,65605.74,65032.89,65539.42,2023,8,49926.765625
17-August-2023,65503.85,65535.14,65046.1,65151.02,2023,8,57843.6796875
18-August-2023,65025.71,65175.32,64754.72,64948.66,2023,8,59837.7421875
21-August-2023,64852.7,65335.82,64852.7,65216.09,2023,8,58686.0546875
22-August-2023,65272.42,65362.91,65165.45,65220.03,2023,8,59855.609375
23-August-2023,65300.93,65504.71,65108.51,65433.3,2023,8,67724.4296875
24-August-2023,65722.51,65913.77,65181.94,65252.34,2023,8,56899.65625
25-August-2023,65000.67,65106.0,64732.57,64886.51,2023,8,64879.1171875
28-August-2023,64908.08,65213.45,64776.92,64996.6,2023,8,49305.5390625
29-August-2023,65201.35,65229.03,64956.67,65075.82,2023,8,58487.328125
30-August-2023,65311.58,65458.7,65052.74,65087.25,2023,8,59338.41796875
31-August-2023,65178.33,65277.04,64723.63,64831.41,2023,8,59947.7109375
1-September-2023,64855.51,65473.27,64818.37,65387.16,2023,9,58863.8984375
4-September-2023,65525.91,65683.91,65285.56,65628.14,2023,9,58582.09375
5-September-2023,65671.6,65831.7,65601.47,65780.26,2023,9,58100.25390625
6-September-2023,65744.19,65971.13,65488.03,65880.52,2023,9,65336.0625
7-September-2023,65854.25,66296.9,65672.34,66265.56,2023,9,48389.765625
8-September-2023,66381.43,66766.92,66299.3,66598.91,2023,9,59565.5703125
11-September-2023,66807.73,67172.13,66735.84,67127.08,2023,9,64857.78515625
12-September-2023,67506.88,67539.1,66948.18,67221.13,2023,9,65268.9453125
13-September-2023,67188.64,67565.41,67053.36,67466.99,2023,9,59886.203125
14-September-2023,67627.03,67771.05,67336.46,67519.0,2023,9,51862.1015625
15-September-2023,67659.91,67927.23,67614.42,67838.63,2023,9,65804.921875
18-September-2023,67665.58,67803.15,67532.83,67596.84,2023,9,59980.3828125
20-September-2023,67080.18,67294.16,66728.14,66800.84,2023,9,50094.7421875
21-September-2023,66608.67,66608.67,66128.71,66230.24,2023,9,57606.3984375
22-September-2023,66215.04,66445.47,65952.83,66009.15,2023,9,62130.79296875
25-September-2023,66082.99,66225.63,65764.03,66023.69,2023,9,58822.265625
26-September-2023,66071.63,66078.26,65865.63,65945.47,2023,9,58664.19140625
27-September-2023,65925.64,66172.27,65549.96,66118.69,2023,9,49466.7734375
28-September-2023,66406.01,66406.01,65423.39,65508.32,2023,9,55939.4609375
29-September-2023,65743.93,66151.65,65570.38,65828.41,2023,9,60213.8203125
3-October-2023,65813.42,65813.5,65344.59,65512.1,2023,10,57412.45703125
4-October-2023,65330.65,65332.52,64878.77,65226.04,2023,10,54485.5390625
5-October-2023,65598.26,65753.2,65443.34,65631.57,2023,10,60300.6796875
6-October-2023,65867.54,66095.81,65762.33,65995.63,2023,10,59680.578125
9-October-2023,65560.07,65789.98,65434.61,65512.39,2023,10,65908.0078125
10-October-2023,65662.27,66180.17,65662.27,66079.36,2023,10,62011.1875
11-October-2023,66376.42,66592.16,66299.79,66473.05,2023,10,51150.1171875
12-October-2023,66564.57,66577.6,66339.42,66408.39,2023,10,61674.80859375
13-October-2023,66034.21,66478.9,65895.41,66282.74,2023,10,58042.5703125
16-October-2023,66238.15,66342.75,66039.38,66166.93,2023,10,62596.453125
17-October-2023,66558.15,66559.82,66309.18,66428.09,2023,10,49123.859375
18-October-2023,66473.74,66475.27,65842.1,65877.02,2023,10,48729.71484375
19-October-2023,65484.61,65869.65,65343.5,65629.24,2023,10,57195.74609375
20-October-2023,65437.07,65555.14,65308.61,65397.62,2023,10,59894.40625
23-October-2023,65419.02,65453.92,64502.68,64571.88,2023,10,61765.9140625
25-October-2023,64619.27,64787.08,63912.16,64049.06,2023,10,52668.76171875
26-October-2023,63774.16,63774.16,63092.98,63148.15,2023,10,65973.34375
27-October-2023,63559.32,63913.13,63393.37,63782.8,2023,10,71303.8359375
30-October-2023,63885.56,64184.58,63431.45,64112.65,2023,10,57497.9609375
31-October-2023,64449.65,64452.32,63812.53,63874.93,2023,10,59787.0703125
1-November-2023,63829.87,63896.05,63550.46,63591.33,2023,11,56605.703125
2-November-2023,64033.4,64202.64,63815.35,64080.9,2023,11,57037.9453125
3-November-2023,64444.9,64535.19,64275.39,64363.78,2023,11,57491.046875
6-November-2023,64835.23,64992.54,64617.48,64958.69,2023,11,55905.359375
7-November-2023,65021.29,65021.29,64638.1,64942.4,2023,11,54293.234375
8-November-2023,65101.95,65124.0,64851.06,64975.61,2023,11,59065.546875
9-November-2023,65025.32,65046.56,64768.76,64832.2,2023,11,58271.68359375
10-November-2023,64756.11,65014.06,64580.95,64904.68,2023,11,48445.13671875
12-November-2023,65418.98,65418.98,65218.6,65259.45,2023,11,57707.4296875
13-November-2023,65158.31,65176.96,64853.36,64933.87,2023,11,53415.15625
15-November-2023,65461.54,65747.65,65373.5,65675.93,2023,11,65447.1875
16-November-2023,65665.87,66358.37,65507.02,65982.48,2023,11,55763.5390625
17-November-2023,65788.79,66037.69,65639.74,65794.73,2023,11,52251.359375
20-November-2023,65787.51,65844.01,65547.8,65655.15,2023,11,48449.5078125
21-November-2023,65860.46,66082.36,65849.17,65930.77,2023,11,58256.375
22-November-2023,65839.62,66063.43,65664.85,66023.24,2023,11,58618.3203125
23-November-2023,66084.37,66235.24,65980.5,66017.81,2023,11,54111.0390625
24-November-2023,66000.29,66101.64,65894.05,65970.04,2023,11,57236.5859375
28-November-2023,66063.72,66256.2,65906.65,66174.2,2023,11,58343.28515625
29-November-2023,66381.26,66946.28,66374.52,66901.91,2023,11,52261.05078125
30-November-2023,66963.2,67069.89,66610.35,66988.44,2023,11,58713.859375
1-December-2023,67181.15,67564.33,67149.07,67481.19,2023,12,57400.59765625
4-December-2023,68435.34,68918.22,68274.47,68865.12,2023,12,58867.5
5-December-2023,69168.53,69381.31,68954.88,69296.14,2023,12,61023.4140625
6-December-2023,69534.93,69744.62,69395.01,69653.73,2023,12,52015.140625
7-December-2023,69694.15,69695.33,69320.53,69521.69,2023,12,61159.07421875
8-December-2023,69666.38,69893.8,69506.12,69825.6,2023,12,65319.50390625
11-December-2023,69925.63,70057.83,69782.48,69928.53,2023,12,52284.390625
12-December-2023,70020.68,70033.64,69443.85,69551.03,2023,12,49155.6328125
13-December-2023,69648.56,69657.93,69100.56,69584.6,2023,12,57598.6328125
14-December-2023,70146.09,70602.89,70110.75,70514.2,2023,12,49758.0859375
15-December-2023,70804.13,71605.76,70655.97,71483.75,2023,12,60325.953125
18-December-2023,71437.35,71552.24,71142.29,71315.09,2023,12,53862.90625
19-December-2023,71479.28,71623.71,71071.98,71437.19,2023,12,58860.6796875
20-December-2023,71647.66,71913.07,70302.6,70506.31,2023,12,57756.74609375
21-December-2023,69920.89,70958.71,69920.39,70865.1,2023,12,48639.1875
22-December-2023,71045.65,71259.55,70713.56,71106.96,2023,12,58093.3046875
26-December-2023,71097.78,71471.29,71012.08,71336.8,2023,12,58522.9921875
27-December-2023,71492.02,72119.85,71473.65,72038.43,2023,12,61931.046875
28-December-2023,72262.67,72484.34,72137.45,72410.38,2023,12,58304.3984375
29-December-2023,72351.59,72417.01,72082.64,72240.26,2023,12,58669.80859375
1-January-2024,72218.39,72561.91,72031.23,72271.94,2024,1,59337.59375
2-January-2024,72332.85,72332.85,71613.74,71892.48,2024,1,57805.25
3-January-2024,71832.62,71862.0,71303.97,71356.6,2024,1,58355.875
4-January-2024,71678.93,71954.79,71546.6,71847.57,2024,1,53792.2421875
5-January-2024,72016.71,72156.48,71779.83,72026.15,2024,1,70973.921875
8-January-2024,72113.25,72181.77,71301.04,71355.22,2024,1,62353.34765625
9-January-2024,71770.91,72035.47,71307.27,71386.21,2024,1,60018.6171875
10-January-2024,71383.2,71733.84,71110.98,71657.71,2024,1,71539.65625
11-January-2024,71907.75,71999.47,71543.19,71721.18,2024,1,61518.3125
12-January-2024,72148.07,72720.96,71982.29,72568.45,2024,1,61948.73046875
15-January-2024,73049.87,73402.16,72909.0,73327.94,2024,1,52136.83203125
16-January-2024,73331.95,73427.59,72960.29,73128.77,2024,1,65018.1328125
17-January-2024,71998.93,72484.8,71429.3,71500.76,2024,1,52199.7109375
18-January-2024,71018.86,71451.29,70665.5,71186.86,2024,1,59964.734375
19-January-2024,71786.74,71895.64,71542.74,71683.23,2024,1,55478.9921875
20-January-2024,72008.3,72026.26,71312.71,71423.65,2024,1,59423.08203125
23-January-2024,71868.2,72039.2,70234.55,70370.55,2024,1,61254.3046875
